actor_3_name,actor_3_name,proportion
50 Cent,1,0.026624068157614485
A.J. Buckley,3,0.07987220447284345
Aaliyah,1,0.026624068157614485
Aaron Stanford,2,0.05324813631522897
Aaron Yoo,2,0.05324813631522897
Aasif Mandvi,2,0.05324813631522897
Abbie Cornish,1,0.026624068157614485
Abby Mukiibi Nkaaga,1,0.026624068157614485
Abraham Benrubi,1,0.026624068157614485
Adam Copeland,1,0.026624068157614485
Adam Hicks,1,0.026624068157614485
Adam Scott,1,0.026624068157614485
Adam Trese,1,0.026624068157614485
Adrian Alonso,1,0.026624068157614485
Adrian Pasdar,1,0.026624068157614485
Adriane Lenox,1,0.026624068157614485
Agnes Bruckner,3,0.07987220447284345
Ah-sung Ko,1,0.026624068157614485
Ahmad Massad,1,0.026624068157614485
Ahmet Ertegun,1,0.026624068157614485
Ahney Her,1,0.026624068157614485
Aida Folch,1,0.026624068157614485
Aida Turturro,1,0.026624068157614485
Aidan Quinn,3,0.07987220447284345
Aimee Teegarden,1,0.026624068157614485
Aisha Hinds,1,0.026624068157614485
Ajay Naidu,1,0.026624068157614485
Al Cliver,1,0.026624068157614485
Al Freeman Jr.,1,0.026624068157614485
Al Leong,1,0.026624068157614485
Al Roker,1,0.026624068157614485
Alan Bates,1,0.026624068157614485
Alan D. Purwin,1,0.026624068157614485
Alan David,1,0.026624068157614485
Alan Ford,1,0.026624068157614485
Alan Oppenheimer,1,0.026624068157614485
Alan Ruck,1,0.026624068157614485
Alan Van Sprang,1,0.026624068157614485
Alanna Ubach,1,0.026624068157614485
Alastair Duncan,1,0.026624068157614485
Alba Rohrwacher,1,0.026624068157614485
Albert Brooks,5,0.13312034078807242
Albert Dupontel,1,0.026624068157614485
Albert Finney,2,0.05324813631522897
Albert Salmi,1,0.026624068157614485
Alden Ehrenreich,1,0.026624068157614485
Aldo Sambrell,1,0.026624068157614485
Alessandra Mastronardi,1,0.026624068157614485
Alessandro Nivola,1,0.026624068157614485
Alex Borstein,4,0.10649627263045794
Alex Jennings,2,0.05324813631522897
Alex Karpovsky,1,0.026624068157614485
Alex Rocco,3,0.07987220447284345
Alex Russell,2,0.05324813631522897
Alex Winter,1,0.026624068157614485
Alexa Davalos,2,0.05324813631522897
Alexa Havins,1,0.026624068157614485
Alexa PenaVega,1,0.026624068157614485
Alexander Gould,1,0.026624068157614485
Alexander Skarsgård,1,0.026624068157614485
Alexandra Maria Lara,3,0.07987220447284345
Alexandra Silber,1,0.026624068157614485
Alexandre Rodrigues,1,0.026624068157614485
Alexandru Potocean,1,0.026624068157614485
Alexis Dziena,1,0.026624068157614485
Alfre Woodard,2,0.05324813631522897
Ali Hillis,1,0.026624068157614485
Alia Shawkat,2,0.05324813631522897
Alice Braga,1,0.026624068157614485
Alice Evans,1,0.026624068157614485
Alice Greczyn,2,0.05324813631522897
Alice Krige,2,0.05324813631522897
Alice Playten,1,0.026624068157614485
Alicia Sixtos,1,0.026624068157614485
Alicja Bachleda,2,0.05324813631522897
Alisha Boe,1,0.026624068157614485
Alison Brie,1,0.026624068157614485
Alison Doody,1,0.026624068157614485
Alison Lohman,1,0.026624068157614485
Alissa Dean,1,0.026624068157614485
Allen Covert,2,0.05324813631522897
Allen Leech,1,0.026624068157614485
Allen Payne,1,0.026624068157614485
Allison Tolman,1,0.026624068157614485
Ally Sheedy,1,0.026624068157614485
Alyson Stoner,1,0.026624068157614485
Amanda Detmer,1,0.026624068157614485
Amanda Plummer,1,0.026624068157614485
Amanda Wyss,2,0.05324813631522897
Amber Armstrong,1,0.026624068157614485
Amber Stevens West,1,0.026624068157614485
Amber Valletta,1,0.026624068157614485
Amelia Giancarlo,1,0.026624068157614485
Amelia Warner,1,0.026624068157614485
America Ferrera,2,0.05324813631522897
Amr Waked,1,0.026624068157614485
Amy Brenneman,1,0.026624068157614485
Amy Hargreaves,1,0.026624068157614485
Amy Irving,1,0.026624068157614485
Amy Locane,1,0.026624068157614485
Amy Madigan,1,0.026624068157614485
Amy Poehler,1,0.026624068157614485
Amy Ryan,1,0.026624068157614485
Amy Sedaris,3,0.07987220447284345
Amy Steel,1,0.026624068157614485
Amy Warren,1,0.026624068157614485
Ana Gasteyer,1,0.026624068157614485
Ana Imnadze,1,0.026624068157614485
Ana de la Reguera,1,0.026624068157614485
Anders Holm,1,0.026624068157614485
Andre Braugher,3,0.07987220447284345
Andrea Di Stefano,1,0.026624068157614485
Andrea Martin,4,0.10649627263045794
Andrea Ros,1,0.026624068157614485
Andrea Savage,1,0.026624068157614485
Andrew Airlie,1,0.026624068157614485
Andrew Bryniarski,2,0.05324813631522897
Andrew Daly,1,0.026624068157614485
Andrew Dice Clay,1,0.026624068157614485
Andrew Garfield,1,0.026624068157614485
Andrew Keegan,1,0.026624068157614485
Andrew Rannells,1,0.026624068157614485
André Dussollier,1,0.026624068157614485
André Ramiro,1,0.026624068157614485
André the Giant,1,0.026624068157614485
Andy Cohn,1,0.026624068157614485
Andy Davoli,1,0.026624068157614485
Andy Dick,1,0.026624068157614485
Andy Lau,1,0.026624068157614485
Andy Richter,3,0.07987220447284345
Ane Dahl Torp,1,0.026624068157614485
Angel Coulby,1,0.026624068157614485
Angel David,1,0.026624068157614485
Angela Bettis,1,0.026624068157614485
Angela Featherstone,1,0.026624068157614485
Angela Sarafyan,1,0.026624068157614485
Angelina Jolie Pitt,1,0.026624068157614485
Angell Conwell,1,0.026624068157614485
Angelo Anthony Pizza,1,0.026624068157614485
Angelo Rossitto,1,0.026624068157614485
Angie Dickinson,1,0.026624068157614485
Angus Barnett,1,0.026624068157614485
Angus Macfadyen,2,0.05324813631522897
Angus Sampson,1,0.026624068157614485
Angus T. Jones,1,0.026624068157614485
Anika Noni Rose,2,0.05324813631522897
Anil Kumar,1,0.026624068157614485
Anita Briem,2,0.05324813631522897
Ann Talman,1,0.026624068157614485
Ann-Margret,2,0.05324813631522897
Anna Katarina,1,0.026624068157614485
Anna Kendrick,4,0.10649627263045794
Anna Vareschi,1,0.026624068157614485
Anne Archer,3,0.07987220447284345
Anne Bancroft,2,0.05324813631522897
Anne Hathaway,7,0.1863684771033014
Anne Heche,5,0.13312034078807242
Anne Meara,1,0.026624068157614485
Anne-Marie Duff,2,0.05324813631522897
Anneliese van der Pol,1,0.026624068157614485
Annie Golden,1,0.026624068157614485
Annie Parisse,1,0.026624068157614485
Anthony Burrell,1,0.026624068157614485
Anthony Chau-Sang Wong,1,0.026624068157614485
Anthony Daniels,1,0.026624068157614485
Anthony Edwards,2,0.05324813631522897
Anthony Heald,2,0.05324813631522897
Anthony Hopkins,2,0.05324813631522897
Anthony Johnson,1,0.026624068157614485
Anthony LaPaglia,2,0.05324813631522897
Anthony Powell,1,0.026624068157614485
Anthony Reynolds,1,0.026624068157614485
Anthony Zerbe,1,0.026624068157614485
Antoni Corone,1,0.026624068157614485
Antonio Sabato Jr.,1,0.026624068157614485
Anupam Kher,2,0.05324813631522897
April Winchell,3,0.07987220447284345
Ara Celi,1,0.026624068157614485
Aramis Knight,1,0.026624068157614485
Arben Bajraktaraj,1,0.026624068157614485
Archie Panjabi,1,0.026624068157614485
Ariana Neal,1,0.026624068157614485
Ariel Gade,1,0.026624068157614485
Aries Spears,1,0.026624068157614485
Armando Riesco,2,0.05324813631522897
Armin Mueller-Stahl,2,0.05324813631522897
Armin Rohde,1,0.026624068157614485
Art Malik,3,0.07987220447284345
Ashley Bell,1,0.026624068157614485
Ashley Gerasimovich,1,0.026624068157614485
Ashley Hinshaw,1,0.026624068157614485
Ashley Scott,1,0.026624068157614485
Ashley Walters,1,0.026624068157614485
Ashley Williams,1,0.026624068157614485
Athina Rachel Tsangari,1,0.026624068157614485
Ato Essandoh,2,0.05324813631522897
Atticus Shaffer,1,0.026624068157614485
August Diehl,1,0.026624068157614485
Augustus Prew,1,0.026624068157614485
Aunjanue Ellis,1,0.026624068157614485
Austin Lyon,1,0.026624068157614485
Austin Nichols,1,0.026624068157614485
Ayla Kell,1,0.026624068157614485
Ayush Mahesh Khedekar,1,0.026624068157614485
Azura Skye,1,0.026624068157614485
B.J. Novak,3,0.07987220447284345
Bai Ling,2,0.05324813631522897
Bailee Madison,2,0.05324813631522897
Barbara Bach,1,0.026624068157614485
Barbara Billingsley,1,0.026624068157614485
Barbara Carrera,1,0.026624068157614485
Barry Corbin,1,0.026624068157614485
Barry Shabaka Henley,2,0.05324813631522897
Beau Bridges,2,0.05324813631522897
Bebe Neuwirth,1,0.026624068157614485
Behrouz Vossoughi,1,0.026624068157614485
Ben Chaplin,3,0.07987220447284345
Ben Falcone,2,0.05324813631522897
Ben Mendelsohn,7,0.1863684771033014
Ben Miller,1,0.026624068157614485
Ben Platt,1,0.026624068157614485
Ben Schwartz,1,0.026624068157614485
Ben Stein,1,0.026624068157614485
Benedict Cumberbatch,1,0.026624068157614485
Benedict Wong,2,0.05324813631522897
Benjamin Fletcher,1,0.026624068157614485
Benjamin Walker,1,0.026624068157614485
Benno Fürmann,1,0.026624068157614485
Bernadette Peters,1,0.026624068157614485
Bernard Hill,3,0.07987220447284345
Beth Broderick,1,0.026624068157614485
Beth Grant,4,0.10649627263045794
Betsy Russell,1,0.026624068157614485
Betty Hutton,1,0.026624068157614485
Beverly D'Angelo,3,0.07987220447284345
Bianca Kajlich,1,0.026624068157614485
Bill Clinton,2,0.05324813631522897
Bill Cobbs,3,0.07987220447284345
Bill Erwin,1,0.026624068157614485
Bill Fagerbakke,1,0.026624068157614485
Bill Hunter,1,0.026624068157614485
Bill Irwin,1,0.026624068157614485
Bill Johnson,1,0.026624068157614485
Bill Melendez,1,0.026624068157614485
Bill Murray,2,0.05324813631522897
Bill Nunn,3,0.07987220447284345
Billie Burke,1,0.026624068157614485
Billie Whitelaw,1,0.026624068157614485
Billy Aaron Brown,1,0.026624068157614485
Billy Barty,1,0.026624068157614485
Billy Boyd,2,0.05324813631522897
Billy Campbell,1,0.026624068157614485
Billy Crudup,4,0.10649627263045794
Bingbing Li,1,0.026624068157614485
Björk,1,0.026624068157614485
Blair Underwood,4,0.10649627263045794
Blake Lindsley,1,0.026624068157614485
Bob Balaban,4,0.10649627263045794
Bob Clendenin,1,0.026624068157614485
Bob Eubanks,1,0.026624068157614485
Bob Gunton,4,0.10649627263045794
Bob Hoskins,2,0.05324813631522897
Bob Newhart,1,0.026624068157614485
Bob Peck,1,0.026624068157614485
Bob Ross,1,0.026624068157614485
Bobb'e J. Thompson,3,0.07987220447284345
Bobby Block,1,0.026624068157614485
Bobby Coleman,1,0.026624068157614485
Bokeem Woodbine,2,0.05324813631522897
Bolaji Badejo,1,0.026624068157614485
Bonnie Henna,1,0.026624068157614485
Bonnie Hunt,4,0.10649627263045794
Bonnie Somerville,1,0.026624068157614485
Bonz Malone,1,0.026624068157614485
Boris Kodjoe,2,0.05324813631522897
Boyd Banks,1,0.026624068157614485
Boyd Holbrook,1,0.026624068157614485
Boys II Men,1,0.026624068157614485
Brad Garrett,1,0.026624068157614485
Brad Leland,1,0.026624068157614485
Brad Pitt,2,0.05324813631522897
Brad Renfro,1,0.026624068157614485
Brad William Henke,1,0.026624068157614485
Bradley Cooper,3,0.07987220447284345
Bradley Whitford,1,0.026624068157614485
Brady Corbet,2,0.05324813631522897
Brandon Molale,1,0.026624068157614485
Brandon T. Jackson,2,0.05324813631522897
Branko Djuric,1,0.026624068157614485
Bree Turner,1,0.026624068157614485
Brenda Blethyn,2,0.05324813631522897
Brenda Strong,2,0.05324813631522897
Brenda Vaccaro,1,0.026624068157614485
Brendan Coyle,1,0.026624068157614485
Brendan Sexton III,1,0.026624068157614485
Brent Anderson,1,0.026624068157614485
Brent David Fraser,1,0.026624068157614485
Brett Cullen,2,0.05324813631522897
Brian Blessed,3,0.07987220447284345
Brian Dennehy,2,0.05324813631522897
Brian Dietzen,1,0.026624068157614485
Brian Doyle-Murray,2,0.05324813631522897
Brian Geraghty,4,0.10649627263045794
Brian Johnson,1,0.026624068157614485
Brian Keith,1,0.026624068157614485
Brian McNamara,1,0.026624068157614485
Brian O'Halloran,1,0.026624068157614485
Brian Steele,2,0.05324813631522897
Brian Stepanek,1,0.026624068157614485
Brian Van Holt,2,0.05324813631522897
Brian d'Arcy James,1,0.026624068157614485
Bridget Fonda,2,0.05324813631522897
Bridgette Wilson-Sampras,3,0.07987220447284345
Brion James,1,0.026624068157614485
Brittany Daniel,2,0.05324813631522897
Brittney Powell,1,0.026624068157614485
Brooke Bundy,1,0.026624068157614485
Brooke Smith,2,0.05324813631522897
Bruce Altman,1,0.026624068157614485
Bruce Campbell,1,0.026624068157614485
Bruce Davison,3,0.07987220447284345
Bruce Dern,1,0.026624068157614485
Bruce Goodchild,1,0.026624068157614485
Bruce Green,1,0.026624068157614485
Bruce Greenwood,1,0.026624068157614485
Bruce McGill,6,0.1597444089456869
Bruce Newbold,1,0.026624068157614485
Bruce Payne,1,0.026624068157614485
Bruce Spence,2,0.05324813631522897
Bruce Thomas,1,0.026624068157614485
Bruce Willis,1,0.026624068157614485
Bruno Kirby,1,0.026624068157614485
Bryan Brown,1,0.026624068157614485
Bryan Callen,2,0.05324813631522897
Bryce Dallas Howard,1,0.026624068157614485
Burghart Klaußner,1,0.026624068157614485
Burt Young,1,0.026624068157614485
Bálint Péntek,1,0.026624068157614485
Bárbara Goenaga,1,0.026624068157614485
Béatrice Bonifassi,1,0.026624068157614485
Bérénice Bejo,1,0.026624068157614485
CCH Pounder,1,0.026624068157614485
Caitlyn Jenner,1,0.026624068157614485
Callum Rennie,3,0.07987220447284345
Cameron Boyce,1,0.026624068157614485
Cameron Bright,1,0.026624068157614485
Campbell Scott,2,0.05324813631522897
Candace Kroslak,1,0.026624068157614485
Candice Bergen,1,0.026624068157614485
Cara Horgan,1,0.026624068157614485
Cara Seymour,1,0.026624068157614485
Carel Struycken,1,0.026624068157614485
Carl Weathers,3,0.07987220447284345
Carla Gallo,1,0.026624068157614485
Carlease Burke,1,0.026624068157614485
Carlo Cecchi,1,0.026624068157614485
Carlos Alazraqui,1,0.026624068157614485
Carly Schroeder,1,0.026624068157614485
Carmen Ejogo,2,0.05324813631522897
Carmen Electra,1,0.026624068157614485
Carmine Giovinazzo,1,0.026624068157614485
Carol Kane,1,0.026624068157614485
Carol Sutton,1,0.026624068157614485
Caroline Goodall,1,0.026624068157614485
Caroll Spinney,1,0.026624068157614485
Carolyn Hennesy,1,0.026624068157614485
Carrie Preston,3,0.07987220447284345
Cas Anvar,2,0.05324813631522897
Casey Gooden,1,0.026624068157614485
Casey Siemaszko,1,0.026624068157614485
Casper Crump,2,0.05324813631522897
Cat Ly,1,0.026624068157614485
Catalina Sandino Moreno,2,0.05324813631522897
Catherine Dent,1,0.026624068157614485
Catherine Lambert,1,0.026624068157614485
Catherine McCormack,3,0.07987220447284345
Catherine O'Hara,4,0.10649627263045794
Catherine Parks,1,0.026624068157614485
Cathryn de Prume,1,0.026624068157614485
Cathy Moriarty,1,0.026624068157614485
Cecelia Antoinette,1,0.026624068157614485
Cedric the Entertainer,5,0.13312034078807242
Celia Imrie,3,0.07987220447284345
Celia Weston,2,0.05324813631522897
Celina Beach,1,0.026624068157614485
Celina Jade,1,0.026624068157614485
Chad L. Coleman,1,0.026624068157614485
Chad Lindberg,1,0.026624068157614485
Chad Lowe,1,0.026624068157614485
Chandler Canterbury,2,0.05324813631522897
Charice,1,0.026624068157614485
Charles Baker,1,0.026624068157614485
Charles Keating,1,0.026624068157614485
Charles King,1,0.026624068157614485
Charles Martin Smith,1,0.026624068157614485
Charles Martinet,1,0.026624068157614485
Charles Mesure,1,0.026624068157614485
Charles S. Dutton,3,0.07987220447284345
Charlie Hunnam,1,0.026624068157614485
Charlie Korsmo,1,0.026624068157614485
Charlie Murphy,1,0.026624068157614485
Charlie Talbert,1,0.026624068157614485
Charlize Theron,3,0.07987220447284345
Charlotte Lewis,1,0.026624068157614485
Charlotte Rampling,3,0.07987220447284345
Charlotte Sullivan,2,0.05324813631522897
Charlyne Yi,1,0.026624068157614485
Chase Ellison,1,0.026624068157614485
Cheech Marin,3,0.07987220447284345
Chelan Simmons,1,0.026624068157614485
Chelcie Ross,2,0.05324813631522897
Chelsea Bond,1,0.026624068157614485
Chelsea Handler,1,0.026624068157614485
Cheri Oteri,1,0.026624068157614485
Cherry Jones,1,0.026624068157614485
Cheryl Hines,1,0.026624068157614485
Cheryl Penland,1,0.026624068157614485
Chester,1,0.026624068157614485
Chi McBride,2,0.05324813631522897
Chi Muoi Lo,1,0.026624068157614485
Chiaki Kuriyama,1,0.026624068157614485
China Chow,1,0.026624068157614485
Chris Andrew Ciulla,1,0.026624068157614485
Chris Barrie,1,0.026624068157614485
Chris Bauer,2,0.05324813631522897
Chris Elliott,2,0.05324813631522897
Chris Ellis,1,0.026624068157614485
Chris Evans,1,0.026624068157614485
Chris Gauthier,1,0.026624068157614485
Chris Kattan,1,0.026624068157614485
Chris Klein,2,0.05324813631522897
Chris Lowell,1,0.026624068157614485
Chris Mulkey,3,0.07987220447284345
Chris Penn,4,0.10649627263045794
Chris Pontius,2,0.05324813631522897
Chris Weitz,1,0.026624068157614485
Chris Young,1,0.026624068157614485
Chris Zylka,1,0.026624068157614485
Christa B. Allen,1,0.026624068157614485
Christian Berkel,3,0.07987220447284345
Christian Campbell,1,0.026624068157614485
Christiana Leucas,1,0.026624068157614485
Christina Chambers,1,0.026624068157614485
Christina Cox,1,0.026624068157614485
Christina Milian,1,0.026624068157614485
Christina Vidal,1,0.026624068157614485
Christine Cavanaugh,1,0.026624068157614485
Christine Lakin,2,0.05324813631522897
Christoph Waltz,1,0.026624068157614485
Christopher B. Duncan,1,0.026624068157614485
Christopher Evan Welch,2,0.05324813631522897
Christopher James Baker,1,0.026624068157614485
Christopher Lambert,1,0.026624068157614485
Christopher Lee,1,0.026624068157614485
Christopher Nicholas Smith,1,0.026624068157614485
Christopher Rich,1,0.026624068157614485
Christopher Schmidt,1,0.026624068157614485
Chrystale Wilson,1,0.026624068157614485
Clare Higgins,1,0.026624068157614485
Clare Kramer,1,0.026624068157614485
Clarence Williams III,3,0.07987220447284345
Clarke Peters,1,0.026624068157614485
Claudia Ferri,1,0.026624068157614485
Clayton Rohner,1,0.026624068157614485
Clea DuVall,3,0.07987220447284345
Clemens Schick,1,0.026624068157614485
Cliff Edwards,1,0.026624068157614485
Clifton Collins Jr.,6,0.1597444089456869
Clifton James,1,0.026624068157614485
Clifton Powell,1,0.026624068157614485
Clint Howard,1,0.026624068157614485
Clive Revill,1,0.026624068157614485
Clive Russell,2,0.05324813631522897
Clyde Kusatsu,1,0.026624068157614485
Cody Linley,1,0.026624068157614485
Cole Hauser,3,0.07987220447284345
Colette Divine,1,0.026624068157614485
Colin Salmon,2,0.05324813631522897
Colin Stinton,1,0.026624068157614485
Colleen Haskell,1,0.026624068157614485
Collette Wolfe,2,0.05324813631522897
Collin Kahey,1,0.026624068157614485
Collins Pennie,1,0.026624068157614485
Colm Feore,2,0.05324813631522897
Common,4,0.10649627263045794
Conchata Ferrell,3,0.07987220447284345
Conleth Hill,1,0.026624068157614485
Connie Nielsen,1,0.026624068157614485
Conrad Goode,1,0.026624068157614485
Conrad Vernon,1,0.026624068157614485
Consuelo Gómez,1,0.026624068157614485
Corbin Bleu,1,0.026624068157614485
Corey Johnson,1,0.026624068157614485
Cornel Wilde,1,0.026624068157614485
Courtney B. Vance,2,0.05324813631522897
Courtney Gains,1,0.026624068157614485
Courtney Love,1,0.026624068157614485
Craig Conway,1,0.026624068157614485
Craig Dougherty,1,0.026624068157614485
Craig Ferguson,1,0.026624068157614485
Craig Hall,1,0.026624068157614485
Craig T. Nelson,6,0.1597444089456869
Cree Summer,2,0.05324813631522897
Cristián de la Fuente,1,0.026624068157614485
Crystal Lowe,3,0.07987220447284345
Cynthia Barrett,1,0.026624068157614485
Cynthia Nixon,1,0.026624068157614485
Cynthia Stevenson,1,0.026624068157614485
Cynthia Watros,1,0.026624068157614485
Cyril Raffaelli,1,0.026624068157614485
Cécile De France,3,0.07987220447284345
D. David Morin,1,0.026624068157614485
D.B. Sweeney,1,0.026624068157614485
DJ Pooh,1,0.026624068157614485
DMX,1,0.026624068157614485
Dabney Coleman,1,0.026624068157614485
Dagmara Dominczyk,2,0.05324813631522897
Daisy Betts,1,0.026624068157614485
Dal-su Oh,1,0.026624068157614485
Dalip Singh,1,0.026624068157614485
Dallas Roberts,1,0.026624068157614485
Damian Jewan Lee,1,0.026624068157614485
Damián Alcázar,1,0.026624068157614485
Damián Delgado,1,0.026624068157614485
Dan Bakkedahl,1,0.026624068157614485
Dan Bilzerian,1,0.026624068157614485
Dan Fogler,3,0.07987220447284345
Dan Futterman,1,0.026624068157614485
Dan Hedaya,2,0.05324813631522897
Dana Andrews,1,0.026624068157614485
Dana Hanna,1,0.026624068157614485
Dana Ivey,3,0.07987220447284345
Dane Cook,1,0.026624068157614485
Dania Ramirez,1,0.026624068157614485
Daniel Cudmore,1,0.026624068157614485
Daniel Franzese,1,0.026624068157614485
Daniel Kaluuya,1,0.026624068157614485
Daniel Lapaine,1,0.026624068157614485
Daniel Mays,4,0.10649627263045794
Daniel Rindress-Kay,1,0.026624068157614485
Daniel Travis,1,0.026624068157614485
Daniel Wu,1,0.026624068157614485
Daniel von Bargen,4,0.10649627263045794
Danielle Darrieux,1,0.026624068157614485
Danielle von Zerneck,1,0.026624068157614485
Danny Aiello,1,0.026624068157614485
Danny Dyer,1,0.026624068157614485
Danny Huston,3,0.07987220447284345
Danny Masterson,1,0.026624068157614485
Danny Rhodes,1,0.026624068157614485
Danny Sapani,1,0.026624068157614485
Danny Webb,1,0.026624068157614485
Danny Woodburn,3,0.07987220447284345
Dany Verissimo-Petit,1,0.026624068157614485
Daren Kagasoff,1,0.026624068157614485
Darlene Love,1,0.026624068157614485
Darren Boyd,1,0.026624068157614485
Darren Healy,1,0.026624068157614485
Darwin Shaw,1,0.026624068157614485
Daryl Sabara,2,0.05324813631522897
Dash Mihok,3,0.07987220447284345
Dato Bakhtadze,1,0.026624068157614485
Dave Allen,2,0.05324813631522897
Dave Annable,1,0.026624068157614485
Dave Chappelle,3,0.07987220447284345
Dave Foley,1,0.026624068157614485
David A Cole,1,0.026624068157614485
David Alan Grier,1,0.026624068157614485
David Arquette,3,0.07987220447284345
David Backus,1,0.026624068157614485
David Belle,1,0.026624068157614485
David Carradine,1,0.026624068157614485
David Clennon,2,0.05324813631522897
David Costabile,2,0.05324813631522897
David Eigenberg,1,0.026624068157614485
David Gallagher,1,0.026624068157614485
David Gulpilil,1,0.026624068157614485
David Harbour,1,0.026624068157614485
David Herman,1,0.026624068157614485
David Heyman,1,0.026624068157614485
David Hyde Pierce,1,0.026624068157614485
David Keith,3,0.07987220447284345
David Kelly,2,0.05324813631522897
David Margulies,1,0.026624068157614485
David Moscow,1,0.026624068157614485
David Ogden Stiers,2,0.05324813631522897
David Oyelowo,2,0.05324813631522897
David Patrick Kelly,3,0.07987220447284345
David Paymer,2,0.05324813631522897
David Proval,1,0.026624068157614485
David Ramsey,1,0.026624068157614485
David Schneider,1,0.026624068157614485
David Suchet,1,0.026624068157614485
David Thewlis,1,0.026624068157614485
David Thornton,2,0.05324813631522897
David Threlfall,1,0.026624068157614485
David Walton,2,0.05324813631522897
David Zayas,1,0.026624068157614485
Dayna Devon,1,0.026624068157614485
Dayo Okeniyi,1,0.026624068157614485
DeVaughn Nixon,1,0.026624068157614485
DeWayne Warren,1,0.026624068157614485
Dean Andrews,1,0.026624068157614485
Dean Stockwell,1,0.026624068157614485
Debbie Harry,1,0.026624068157614485
Debbie Reynolds,1,0.026624068157614485
Debi Mazar,4,0.10649627263045794
Deborah Kara Unger,2,0.05324813631522897
Deborah Mailman,1,0.026624068157614485
Debra Messing,2,0.05324813631522897
Debra Monk,1,0.026624068157614485
Debra Winger,1,0.026624068157614485
Debrianna Mansini,1,0.026624068157614485
Dee Bradley Baker,1,0.026624068157614485
Dee Wallace,2,0.05324813631522897
Dell Yount,1,0.026624068157614485
Della Reese,2,0.05324813631522897
Delphine Chanéac,1,0.026624068157614485
Delroy Lindo,4,0.10649627263045794
Demetri Martin,1,0.026624068157614485
Demi Moore,1,0.026624068157614485
Demián Bichir,1,0.026624068157614485
Dendrie Taylor,1,0.026624068157614485
Denholm Elliott,1,0.026624068157614485
Denis Leary,2,0.05324813631522897
Denis O'Hare,4,0.10649627263045794
Denise Crosby,1,0.026624068157614485
Dennis Burkley,1,0.026624068157614485
Dennis Quaid,1,0.026624068157614485
Denny Kirkwood,1,0.026624068157614485
Derek Graf,1,0.026624068157614485
Derek Jacobi,2,0.05324813631522897
Derek Jeter,1,0.026624068157614485
Derek Luke,2,0.05324813631522897
Derek Mears,2,0.05324813631522897
Dermot Crowley,1,0.026624068157614485
Desmond Llewelyn,5,0.13312034078807242
Devin Ratray,1,0.026624068157614485
Dexter Fletcher,2,0.05324813631522897
Diahann Carroll,2,0.05324813631522897
Diana Maria Riva,1,0.026624068157614485
Dianne Wiest,1,0.026624068157614485
Dichen Lachman,1,0.026624068157614485
Diedrich Bader,1,0.026624068157614485
Dillon Casey,1,0.026624068157614485
Dinah Manoff,1,0.026624068157614485
Dinesh D'Souza,1,0.026624068157614485
Djimon Hounsou,4,0.10649627263045794
Dom DeLuise,1,0.026624068157614485
Dominic Monaghan,1,0.026624068157614485
Dominick Brascia,1,0.026624068157614485
Dominik Castell,1,0.026624068157614485
Dominik García-Lorido,1,0.026624068157614485
Dominique McElligott,1,0.026624068157614485
Don Cheadle,1,0.026624068157614485
Don Johnson,1,0.026624068157614485
Don McKellar,1,0.026624068157614485
Don McManus,1,0.026624068157614485
Don Rickles,1,0.026624068157614485
Don Stark,1,0.026624068157614485
Donald Glover,1,0.026624068157614485
Donald Sumpter,1,0.026624068157614485
Dong-gun Jang,1,0.026624068157614485
Donny Alamsyah,1,0.026624068157614485
Dorian Missick,2,0.05324813631522897
Dorothy Lamour,1,0.026624068157614485
Dorothy Lyman,1,0.026624068157614485
Doug Cockle,1,0.026624068157614485
Douglas Smith,1,0.026624068157614485
Dougray Scott,1,0.026624068157614485
Drake,1,0.026624068157614485
Dree Hemingway,1,0.026624068157614485
Drew Powell,1,0.026624068157614485
Dustin Milligan,1,0.026624068157614485
Dwayne Johnson,1,0.026624068157614485
Dwight Henry,1,0.026624068157614485
Dwight Yoakam,1,0.026624068157614485
Dyan Cannon,1,0.026624068157614485
Dylan Baker,1,0.026624068157614485
Dylan Kussman,1,0.026624068157614485
Dylan Minnette,1,0.026624068157614485
Dylan Moran,2,0.05324813631522897
Dylan Schombing,1,0.026624068157614485
Dylan Walsh,1,0.026624068157614485
Eamonn Walker,1,0.026624068157614485
Ebon Moss-Bachrach,1,0.026624068157614485
Ed Begley Jr.,2,0.05324813631522897
Ed Lauter,1,0.026624068157614485
Ed Stoppard,1,0.026624068157614485
Eddie Baroo,1,0.026624068157614485
Eddie Cibrian,2,0.05324813631522897
Eddie Deezen,1,0.026624068157614485
Eddie Izzard,2,0.05324813631522897
Eddie Jemison,2,0.05324813631522897
Eddie Kaye Thomas,2,0.05324813631522897
Eddie Marsan,3,0.07987220447284345
Eddie Redmayne,1,0.026624068157614485
Eddie Rouse,1,0.026624068157614485
Eddie Spears,1,0.026624068157614485
Eden Riegel,1,0.026624068157614485
Edgar Arreola,1,0.026624068157614485
Edgar Buchanan,1,0.026624068157614485
Edgar Ramírez,2,0.05324813631522897
Edi Gathegi,2,0.05324813631522897
Edie Falco,1,0.026624068157614485
Edith Massey,1,0.026624068157614485
Eduardo Verástegui,2,0.05324813631522897
Edward Fox,1,0.026624068157614485
Eion Bailey,1,0.026624068157614485
Elaine Hendrix,1,0.026624068157614485
Elaine Stritch,3,0.07987220447284345
Elden Henson,2,0.05324813631522897
Eleanor Bron,1,0.026624068157614485
Elisa Donovan,1,0.026624068157614485
Elise Neal,1,0.026624068157614485
Elissa Dowling,1,0.026624068157614485
Elizabeth Daily,1,0.026624068157614485
Elizabeth McGovern,2,0.05324813631522897
Elizabeth Perkins,2,0.05324813631522897
Ellen Barkin,5,0.13312034078807242
Ellen Burstyn,1,0.026624068157614485
Ellen Ross,1,0.026624068157614485
Ellen Sandweiss,1,0.026624068157614485
Ellen Wong,1,0.026624068157614485
Ellia Thompson,1,0.026624068157614485
Ellie Cornell,1,0.026624068157614485
Ellie Kendrick,1,0.026624068157614485
Elliott Gould,1,0.026624068157614485
Elodie Yung,1,0.026624068157614485
Elsa Lanchester,1,0.026624068157614485
Elton John,1,0.026624068157614485
Elvis Tsui,1,0.026624068157614485
Embeth Davidtz,1,0.026624068157614485
Emilio Estefan Jr.,1,0.026624068157614485
Emily Osment,1,0.026624068157614485
Emily Ratajkowski,1,0.026624068157614485
Emily Watson,2,0.05324813631522897
Emma Watson,2,0.05324813631522897
Emmanuelle Béart,1,0.026624068157614485
Emmanuelle Vaugier,1,0.026624068157614485
Enrique Iglesias,1,0.026624068157614485
Enrique Murciano,1,0.026624068157614485
Enzo Petito,1,0.026624068157614485
Eric Blore,1,0.026624068157614485
Eric Cantona,1,0.026624068157614485
Eric Godon,1,0.026624068157614485
Eric Idle,2,0.05324813631522897
Eric Lange,1,0.026624068157614485
Eric Lloyd,1,0.026624068157614485
Eric Mabius,1,0.026624068157614485
Eric McCormack,1,0.026624068157614485
Eric Schweig,1,0.026624068157614485
Eric Stoltz,2,0.05324813631522897
Eric Sykes,1,0.026624068157614485
Eric Winter,1,0.026624068157614485
Erick Avari,2,0.05324813631522897
Erik Estrada,1,0.026624068157614485
Erik Knudsen,1,0.026624068157614485
Erik Palladino,1,0.026624068157614485
Erin Bethea,1,0.026624068157614485
Erin Daniels,1,0.026624068157614485
Erin Gray,1,0.026624068157614485
Erin Wasson,1,0.026624068157614485
Ernie Reyes Jr.,2,0.05324813631522897
Eros Vlahos,1,0.026624068157614485
Esai Morales,1,0.026624068157614485
Ethan Embry,3,0.07987220447284345
Ethan Stiefel,1,0.026624068157614485
Ethan Suplee,3,0.07987220447284345
Eugenie Bondurant,1,0.026624068157614485
Eva Amurri Martino,1,0.026624068157614485
Eva Birthistle,1,0.026624068157614485
Eva Bourne,1,0.026624068157614485
Eva Green,1,0.026624068157614485
Eva Marcille,1,0.026624068157614485
Eva Marie Saint,1,0.026624068157614485
Evan Jones,1,0.026624068157614485
Evan McGuire,1,0.026624068157614485
Evan Parke,3,0.07987220447284345
Everett McGill,1,0.026624068157614485
Ewen Bremner,4,0.10649627263045794
F. Murray Abraham,2,0.05324813631522897
Fabrice Luchini,1,0.026624068157614485
Facundo Lombard,1,0.026624068157614485
Faizon Love,5,0.13312034078807242
Faye Dunaway,3,0.07987220447284345
Fenella Woolgar,1,0.026624068157614485
Fernando Cayo,1,0.026624068157614485
Filippo Timi,1,0.026624068157614485
Finn Ireland,1,0.026624068157614485
Finola Hughes,1,0.026624068157614485
Fiona Shaw,3,0.07987220447284345
Fionnula Flanagan,2,0.05324813631522897
Fisher Stevens,2,0.05324813631522897
Flea,1,0.026624068157614485
Flint Beverage,1,0.026624068157614485
Fran Drescher,1,0.026624068157614485
Fran Kranz,1,0.026624068157614485
Frances Bay,1,0.026624068157614485
Frances Conroy,3,0.07987220447284345
Frances Fisher,3,0.07987220447284345
Francesc Pagès,1,0.026624068157614485
Francesca Rettondini,1,0.026624068157614485
Franco Nero,2,0.05324813631522897
Frank Dillane,1,0.026624068157614485
Frank Grillo,2,0.05324813631522897
Frank Langella,4,0.10649627263045794
Frank Vincent,1,0.026624068157614485
Frankie Muniz,1,0.026624068157614485
Frankie Valli,1,0.026624068157614485
Franky G,1,0.026624068157614485
François Chau,1,0.026624068157614485
Fred Armisen,1,0.026624068157614485
Fred Gwynne,1,0.026624068157614485
Fred Malatesta,1,0.026624068157614485
Fred Tatasciore,1,0.026624068157614485
Fred Ward,4,0.10649627263045794
Fred Willard,4,0.10649627263045794
Fred Williamson,1,0.026624068157614485
Freddie Jones,1,0.026624068157614485
Fredro Starr,1,0.026624068157614485
G.W. Bailey,2,0.05324813631522897
Gabriel Bateman,2,0.05324813631522897
Gabriel Iglesias,1,0.026624068157614485
Gaby Hoffmann,4,0.10649627263045794
Gaia Weiss,1,0.026624068157614485
Garcelle Beauvais,2,0.05324813631522897
Garrett M. Brown,1,0.026624068157614485
Garrett Morris,1,0.026624068157614485
Garrett Ryan,1,0.026624068157614485
Garrick Hagon,1,0.026624068157614485
Garry Shandling,4,0.10649627263045794
Garvin Cross,1,0.026624068157614485
Gary Cole,1,0.026624068157614485
Gary Coleman,1,0.026624068157614485
Gary Farmer,3,0.07987220447284345
Gary Lewis,1,0.026624068157614485
Gary McDonald,1,0.026624068157614485
Gary Oldman,5,0.13312034078807242
Gary Stretch,1,0.026624068157614485
Gavin Newsom,1,0.026624068157614485
Gaye Brown,1,0.026624068157614485
Gemma Chan,1,0.026624068157614485
Gen Seto,1,0.026624068157614485
Gena Rowlands,2,0.05324813631522897
Gene Simmons,1,0.026624068157614485
Geneviève Bujold,1,0.026624068157614485
Geneviève Lemon,1,0.026624068157614485
Geoff Bell,2,0.05324813631522897
Geoff Stults,1,0.026624068157614485
Geoffrey Arend,1,0.026624068157614485
Geoffrey Holder,1,0.026624068157614485
George 'Buck' Flower,1,0.026624068157614485
George Brent,1,0.026624068157614485
George Carlin,3,0.07987220447284345
George Cole,1,0.026624068157614485
George Harris,1,0.026624068157614485
George Harrison,1,0.026624068157614485
George Lopez,2,0.05324813631522897
George Newbern,1,0.026624068157614485
George Raft,1,0.026624068157614485
George W. Bush,1,0.026624068157614485
Georgina Chapman,1,0.026624068157614485
Gerald McRaney,1,0.026624068157614485
Geraldine Chaplin,2,0.05324813631522897
Gerard McSorley,1,0.026624068157614485
Gerry Bednob,1,0.026624068157614485
Giancarlo Giannini,1,0.026624068157614485
Gigi Rice,1,0.026624068157614485
Gil Bellows,1,0.026624068157614485
Gil Birmingham,1,0.026624068157614485
Gilbert R. Hill,1,0.026624068157614485
Gilles Lellouche,1,0.026624068157614485
Gina McKee,1,0.026624068157614485
Gino Salvano,1,0.026624068157614485
Giulia Michelini,1,0.026624068157614485
Glenn Beck,1,0.026624068157614485
Glenn Erland Tosterud,1,0.026624068157614485
Glenn Morshower,1,0.026624068157614485
Glenn Shadix,1,0.026624068157614485
Glenne Headly,2,0.05324813631522897
Gloria Foster,1,0.026624068157614485
Gloria Reuben,1,0.026624068157614485
Gloria Stuart,1,0.026624068157614485
Goran Visnjic,2,0.05324813631522897
Gordon Pinsent,1,0.026624068157614485
Goya Toledo,1,0.026624068157614485
Grace Jones,1,0.026624068157614485
Graham Beckel,1,0.026624068157614485
Graham McTavish,1,0.026624068157614485
Grant Heslov,1,0.026624068157614485
Grasie Mercedes,1,0.026624068157614485
Greg Collins,2,0.05324813631522897
Greg D'Agostino,1,0.026624068157614485
Greg Germann,1,0.026624068157614485
Greg Mottola,1,0.026624068157614485
Gregg Henry,2,0.05324813631522897
Gregory Alan Williams,1,0.026624068157614485
Gretchen Mol,5,0.13312034078807242
Griffin Cleveland,2,0.05324813631522897
Griffin Dunne,1,0.026624068157614485
Griffin Kane,1,0.026624068157614485
Guillermo Arriaga,1,0.026624068157614485
Guillermo Francella,1,0.026624068157614485
Gérard Jugnot,1,0.026624068157614485
Hakeem Kae-Kazim,2,0.05324813631522897
Hal Holbrook,2,0.05324813631522897
Hal Landon Jr.,1,0.026624068157614485
Hal Linden,1,0.026624068157614485
Haley Bennett,3,0.07987220447284345
Haley Ramm,1,0.026624068157614485
Haluk Bilginer,1,0.026624068157614485
Hana Mae Lee,1,0.026624068157614485
Hana Shuan,1,0.026624068157614485
Hannah Spearritt,1,0.026624068157614485
Hans Kesting,1,0.026624068157614485
Harland Williams,1,0.026624068157614485
Harley Jane Kozak,1,0.026624068157614485
Harmony Korine,1,0.026624068157614485
Harris Yulin,2,0.05324813631522897
Harrison Ford,1,0.026624068157614485
Harrison Page,1,0.026624068157614485
Harry Connick Jr.,4,0.10649627263045794
Harry Lennix,3,0.07987220447284345
Harry Shearer,1,0.026624068157614485
Harry Treadaway,1,0.026624068157614485
Harvey Fierstein,1,0.026624068157614485
Harvey Korman,2,0.05324813631522897
Hayden Christensen,2,0.05324813631522897
Hayley Atwell,2,0.05324813631522897
Hayley Lovitt,1,0.026624068157614485
Hayley McFarland,1,0.026624068157614485
Heather Bucha,1,0.026624068157614485
Heather Burns,1,0.026624068157614485
Heather Locklear,1,0.026624068157614485
Heather Matarazzo,1,0.026624068157614485
Heather Sossaman,1,0.026624068157614485
Hector Elizondo,2,0.05324813631522897
Helen Martin,2,0.05324813631522897
Helen McCrory,1,0.026624068157614485
Helmut Bakaitis,1,0.026624068157614485
Henry Czerny,1,0.026624068157614485
Henry Silva,1,0.026624068157614485
Henry Simmons,1,0.026624068157614485
Herbert Grönemeyer,1,0.026624068157614485
Herbert Russell,2,0.05324813631522897
Hill Harper,2,0.05324813631522897
Ho-Sung Pak,1,0.026624068157614485
Holland Taylor,4,0.10649627263045794
Holmes Osborne,2,0.05324813631522897
Homayoun Ershadi,1,0.026624068157614485
Honglei Sun,1,0.026624068157614485
Hope Davis,6,0.1597444089456869
Hope Olaide Wilson,1,0.026624068157614485
Horatio Sanz,1,0.026624068157614485
Howard Hesseman,1,0.026624068157614485
Hristo Shopov,1,0.026624068157614485
Hudson Leick,1,0.026624068157614485
Huell Howser,1,0.026624068157614485
Huey Lewis,2,0.05324813631522897
Hugh Bonneville,1,0.026624068157614485
Hugh Dillon,1,0.026624068157614485
Hugh Jackman,1,0.026624068157614485
Hugh O'Brian,1,0.026624068157614485
Hugh O'Conor,1,0.026624068157614485
Hugo Stiglitz,1,0.026624068157614485
Hunter Parrish,1,0.026624068157614485
Hye-jeong Kang,2,0.05324813631522897
Héctor Jiménez,1,0.026624068157614485
Ian Bohen,1,0.026624068157614485
Ian McDiarmid,1,0.026624068157614485
Ian Richardson,3,0.07987220447284345
Ian Whyte,1,0.026624068157614485
Ice-T,1,0.026624068157614485
Iddo Goldberg,1,0.026624068157614485
Igal Naor,1,0.026624068157614485
Ike Barinholtz,3,0.07987220447284345
Illeana Douglas,1,0.026624068157614485
Imelda Staunton,3,0.07987220447284345
Ingrid Bolsø Berdal,3,0.07987220447284345
Ion Overman,1,0.026624068157614485
Ione Skye,2,0.05324813631522897
Irene Bedard,1,0.026624068157614485
Isabella Rossellini,2,0.05324813631522897
Isabelle Adjani,1,0.026624068157614485
Isabelle Huppert,2,0.05324813631522897
Isabelle Nanty,1,0.026624068157614485
Isabelle Nélisse,1,0.026624068157614485
Isaiah Washington,1,0.026624068157614485
Isiah Thomas,1,0.026624068157614485
Ivan Sergei,1,0.026624068157614485
Ivana Milicevic,3,0.07987220447284345
Izabella Miko,2,0.05324813631522897
Izabella Scorupco,1,0.026624068157614485
J. Smith-Cameron,1,0.026624068157614485
J.B. Smoove,2,0.05324813631522897
J.J. Cohen,1,0.026624068157614485
J.T. Walsh,3,0.07987220447284345
JJ Feild,1,0.026624068157614485
JR Bourne,1,0.026624068157614485
Jacinda Barrett,3,0.07987220447284345
Jack Davenport,4,0.10649627263045794
Jack Guzman,1,0.026624068157614485
Jack Hawkins,2,0.05324813631522897
Jack McBrayer,1,0.026624068157614485
Jack O'Connell,1,0.026624068157614485
Jack O'Halloran,1,0.026624068157614485
Jack Plotnick,1,0.026624068157614485
Jack Thompson,2,0.05324813631522897
Jack Warden,2,0.05324813631522897
Jack Wild,1,0.026624068157614485
Jackie Burroughs,1,0.026624068157614485
Jackie Cooper,2,0.05324813631522897
Jacky Ido,1,0.026624068157614485
Jacob Hopkins,1,0.026624068157614485
Jacob Latimore,1,0.026624068157614485
Jacob Pitts,1,0.026624068157614485
Jacob Vargas,4,0.10649627263045794
Jacob Young,1,0.026624068157614485
Jacqueline Bisset,1,0.026624068157614485
Jada Pinkett Smith,1,0.026624068157614485
Jade Kindar-Martin,1,0.026624068157614485
Jaden Klein,1,0.026624068157614485
Jake Busey,3,0.07987220447284345
Jake Cherry,1,0.026624068157614485
Jake Lloyd,1,0.026624068157614485
Jake Richardson,1,0.026624068157614485
Jake Short,1,0.026624068157614485
Jake Weary,1,0.026624068157614485
Jake Weber,2,0.05324813631522897
Jake Wood,2,0.05324813631522897
James Badge Dale,2,0.05324813631522897
James Biberi,2,0.05324813631522897
James Bolam,1,0.026624068157614485
James Brolin,2,0.05324813631522897
James Coburn,1,0.026624068157614485
James Corden,2,0.05324813631522897
James D'Arcy,1,0.026624068157614485
James DeBello,1,0.026624068157614485
James Deen,1,0.026624068157614485
James Duval,1,0.026624068157614485
James Frain,3,0.07987220447284345
James Franco,3,0.07987220447284345
James Gammon,2,0.05324813631522897
James Huang,1,0.026624068157614485
James Karen,2,0.05324813631522897
James Le Gros,1,0.026624068157614485
James Lew,1,0.026624068157614485
James Lipton,1,0.026624068157614485
James McCaffrey,1,0.026624068157614485
James Morrison,1,0.026624068157614485
James Nesbitt,2,0.05324813631522897
James Patrick Stuart,1,0.026624068157614485
James Ransone,1,0.026624068157614485
James Read,1,0.026624068157614485
James Robinson,1,0.026624068157614485
James Russo,2,0.05324813631522897
James Shigeta,1,0.026624068157614485
James Tumminia,1,0.026624068157614485
James Tupper,1,0.026624068157614485
James Whitmore,1,0.026624068157614485
James Wilcox,1,0.026624068157614485
James With,1,0.026624068157614485
Jami Gertz,1,0.026624068157614485
Jamie Blackley,1,0.026624068157614485
Jamie Draven,1,0.026624068157614485
Jamie Foreman,2,0.05324813631522897
Jamie Hector,1,0.026624068157614485
Jamie Kennedy,2,0.05324813631522897
Jan-Michael Vincent,1,0.026624068157614485
Jane Adams,2,0.05324813631522897
Jane Bradbury,1,0.026624068157614485
Jane Curtin,1,0.026624068157614485
Jane Fonda,2,0.05324813631522897
Jane Krakowski,3,0.07987220447284345
Janeane Garofalo,1,0.026624068157614485
Janet Leigh,2,0.05324813631522897
Janine Turner,1,0.026624068157614485
Jaqueline Fleming,1,0.026624068157614485
Jared Burke,1,0.026624068157614485
Jarrod Bunch,1,0.026624068157614485
Jasika Nicole,1,0.026624068157614485
Jasmine Trinca,1,0.026624068157614485
Jason Alexander,1,0.026624068157614485
Jason Behr,1,0.026624068157614485
Jason Cope,1,0.026624068157614485
Jason Dixie,1,0.026624068157614485
Jason Douglas,1,0.026624068157614485
Jason Flemyng,2,0.05324813631522897
Jason George,1,0.026624068157614485
Jason Gray-Stanford,1,0.026624068157614485
Jason Kravits,1,0.026624068157614485
Jason Mantzoukas,1,0.026624068157614485
Jason Mewes,1,0.026624068157614485
Jason Ritter,3,0.07987220447284345
Jason Robards,1,0.026624068157614485
Jason Scott Lee,2,0.05324813631522897
Jason Spevack,1,0.026624068157614485
Jason Weaver,1,0.026624068157614485
Jasper Levine,1,0.026624068157614485
Jay Chandrasekhar,3,0.07987220447284345
Jay Hernandez,1,0.026624068157614485
Jay Leno,1,0.026624068157614485
Jay Mohr,1,0.026624068157614485
Jay R. Ferguson,2,0.05324813631522897
Jaycee Chan,1,0.026624068157614485
Jayne Eastwood,2,0.05324813631522897
Jean Caffeine,1,0.026624068157614485
Jean Louisa Kelly,1,0.026624068157614485
Jean Simmons,2,0.05324813631522897
Jean Smart,2,0.05324813631522897
Jean-Hugues Anglade,1,0.026624068157614485
Jean-Louis Blondeau,1,0.026624068157614485
Jean-Louis Trintignant,1,0.026624068157614485
Jean-Marc Barr,1,0.026624068157614485
Jean-Pierre Darroussin,1,0.026624068157614485
Jeanne Moreau,1,0.026624068157614485
Jeanne Tripplehorn,1,0.026624068157614485
Jeannetta Arnette,1,0.026624068157614485
Jed Brophy,1,0.026624068157614485
Jeff Anderson,1,0.026624068157614485
Jeff Conaway,1,0.026624068157614485
Jeff DeRocker,1,0.026624068157614485
Jeff Garlin,4,0.10649627263045794
Jeff Kober,1,0.026624068157614485
Jeff Lima,1,0.026624068157614485
Jeff Perry,1,0.026624068157614485
Jeffrey Combs,1,0.026624068157614485
Jeffrey DeMunn,4,0.10649627263045794
Jeffrey Garcia,1,0.026624068157614485
Jeffrey Jones,2,0.05324813631522897
Jeffrey Markle,1,0.026624068157614485
Jemima Kirke,1,0.026624068157614485
Jemima Rooper,1,0.026624068157614485
Jenette Goldstein,2,0.05324813631522897
Jenifer Lewis,1,0.026624068157614485
Jennifer Butler,1,0.026624068157614485
Jennifer Ehle,3,0.07987220447284345
Jennifer Esposito,2,0.05324813631522897
Jennifer Garner,2,0.05324813631522897
Jennifer Hudson,1,0.026624068157614485
Jennifer Jones,1,0.026624068157614485
Jennifer Rubin,1,0.026624068157614485
Jennifer Schwalbach Smith,1,0.026624068157614485
Jennifer Tung,1,0.026624068157614485
Jenny McCarthy,1,0.026624068157614485
Jeremy Crutchley,1,0.026624068157614485
Jeremy Howard,2,0.05324813631522897
Jeremy Kemp,1,0.026624068157614485
Jeremy Northam,3,0.07987220447284345
Jeremy Owen,1,0.026624068157614485
Jeri Ryan,1,0.026624068157614485
Jerry Stiller,1,0.026624068157614485
Jess Harnell,1,0.026624068157614485
Jessalyn Gilsig,1,0.026624068157614485
Jesse Borrego,1,0.026624068157614485
Jesse Hutch,1,0.026624068157614485
Jesse James,1,0.026624068157614485
Jesse L. Martin,2,0.05324813631522897
Jesse McCartney,2,0.05324813631522897
Jessica Capshaw,1,0.026624068157614485
Jessica Collins,1,0.026624068157614485
Jessica Mauboy,1,0.026624068157614485
Jessica Raine,1,0.026624068157614485
Jessica Simpson,1,0.026624068157614485
Jessica Szohr,2,0.05324813631522897
Jessica Walter,1,0.026624068157614485
Jessica Wesson,1,0.026624068157614485
Jesuíta Barbosa,1,0.026624068157614485
Jet Li,1,0.026624068157614485
Jill Flint,1,0.026624068157614485
Jill St. John,1,0.026624068157614485
Jill Talley,1,0.026624068157614485
Jillian Estell,1,0.026624068157614485
Jim Belushi,1,0.026624068157614485
Jim Broadbent,5,0.13312034078807242
Jim Carter,1,0.026624068157614485
Jim Gaffigan,2,0.05324813631522897
Jim Meskimen,1,0.026624068157614485
Jim Parrack,1,0.026624068157614485
Jim Rash,2,0.05324813631522897
Jim Siedow,1,0.026624068157614485
Jim Varney,1,0.026624068157614485
Jimi Mistry,1,0.026624068157614485
Jimmy Jean-Louis,1,0.026624068157614485
Jimmy Shubert,1,0.026624068157614485
Jin Akanishi,1,0.026624068157614485
JoBeth Williams,1,0.026624068157614485
Joan Allen,5,0.13312034078807242
Joan Baez,1,0.026624068157614485
Joan Plowright,2,0.05324813631522897
Joanna Lumley,2,0.05324813631522897
Joanne Whalley,1,0.026624068157614485
Jodie Whittaker,1,0.026624068157614485
Joe Cole,1,0.026624068157614485
Joe Dinicol,1,0.026624068157614485
Joe Don Baker,2,0.05324813631522897
Joe Komara,1,0.026624068157614485
Joe Lo Truglio,1,0.026624068157614485
Joe McQueen,1,0.026624068157614485
Joe Morton,2,0.05324813631522897
Joe Viterelli,1,0.026624068157614485
Joel David Moore,2,0.05324813631522897
Joel McHale,1,0.026624068157614485
Joely Richardson,1,0.026624068157614485
Joey Fatone,1,0.026624068157614485
Joey Lauren Adams,4,0.10649627263045794
Joey Slotnick,3,0.07987220447284345
John Ashton,1,0.026624068157614485
John Aylward,2,0.05324813631522897
John Bailey,1,0.026624068157614485
John Billingsley,1,0.026624068157614485
John Buffalo Mailer,1,0.026624068157614485
John Castle,1,0.026624068157614485
John Doman,3,0.07987220447284345
John Fiedler,2,0.05324813631522897
John Gallagher Jr.,1,0.026624068157614485
John Gavin,1,0.026624068157614485
John Gielgud,3,0.07987220447284345
John Glover,1,0.026624068157614485
John Heard,6,0.1597444089456869
John Hodgman,1,0.026624068157614485
John Kapelos,1,0.026624068157614485
John Larroquette,1,0.026624068157614485
John Lynch,1,0.026624068157614485
John Macmillan,1,0.026624068157614485
John Mahoney,1,0.026624068157614485
John Meillon,1,0.026624068157614485
John Michael Higgins,4,0.10649627263045794
John Neville,1,0.026624068157614485
John Ratzenberger,1,0.026624068157614485
John Reeves,1,0.026624068157614485
John Topor,1,0.026624068157614485
John Witherspoon,1,0.026624068157614485
John de Lancie,1,0.026624068157614485
Johnny Lewis,1,0.026624068157614485
Johnny Messner,1,0.026624068157614485
Johnny Nguyen,1,0.026624068157614485
Johnny Whitworth,2,0.05324813631522897
Jon Favreau,3,0.07987220447284345
Jon Gries,5,0.13312034078807242
Jon Gunn,1,0.026624068157614485
Jon Heder,2,0.05324813631522897
Jon Lovitz,2,0.05324813631522897
Jon Polito,2,0.05324813631522897
Jon Seda,2,0.05324813631522897
Jon Stewart,2,0.05324813631522897
Jonah Bobo,2,0.05324813631522897
Jonathan Breck,1,0.026624068157614485
Jonathan Brewer,1,0.026624068157614485
Jonathan Frakes,3,0.07987220447284345
Jonathan Hyde,1,0.026624068157614485
Jonathan Jackson,2,0.05324813631522897
Jonathan Morgan Heit,1,0.026624068157614485
Jonathan Sadowski,1,0.026624068157614485
Jonathan Silverman,1,0.026624068157614485
Jonathan Winters,1,0.026624068157614485
Jonathon Trent,1,0.026624068157614485
Jonny Weston,1,0.026624068157614485
Jordan Carlos,1,0.026624068157614485
Jordan Lund,1,0.026624068157614485
Jordan Prentice,1,0.026624068157614485
Jordana Brewster,3,0.07987220447284345
Jordi Mollà,6,0.1597444089456869
Jorja Fox,1,0.026624068157614485
Jose Pablo Cantillo,6,0.1597444089456869
Joseph Cross,1,0.026624068157614485
Joseph Gordon-Levitt,2,0.05324813631522897
Joseph Mascolo,1,0.026624068157614485
Josh Gad,3,0.07987220447284345
Josh Henderson,1,0.026624068157614485
Josh Hutcherson,2,0.05324813631522897
Josh Pais,2,0.05324813631522897
Josh Robert Thompson,1,0.026624068157614485
Josh Segarra,1,0.026624068157614485
Josh Stamberg,1,0.026624068157614485
Josie Ho,2,0.05324813631522897
Joss Ackland,1,0.026624068157614485
José Ferrer,2,0.05324813631522897
Joy Bryant,1,0.026624068157614485
Joyful Drake,1,0.026624068157614485
Jsu Garcia,1,0.026624068157614485
Juan Riedinger,2,0.05324813631522897
Jud Tylor,1,0.026624068157614485
Judd Hirsch,4,0.10649627263045794
Jude Ciccolella,1,0.026624068157614485
Judge Reinhold,1,0.026624068157614485
Judith Godrèche,1,0.026624068157614485
Judith Hill,1,0.026624068157614485
Judy Davis,3,0.07987220447284345
Judy Greer,3,0.07987220447284345
Judy Marte,1,0.026624068157614485
Juhi Chawla,1,0.026624068157614485
Julene Renee,1,0.026624068157614485
Julia Duffy,1,0.026624068157614485
Julia Jones,1,0.026624068157614485
Julia Ormond,4,0.10649627263045794
Julia Roberts,4,0.10649627263045794
Julia Sawalha,1,0.026624068157614485
Julian Fellowes,1,0.026624068157614485
Julian Glover,2,0.05324813631522897
Julian Kostov,1,0.026624068157614485
Julian Richings,3,0.07987220447284345
Julian Sands,2,0.05324813631522897
Julie Gonzalo,1,0.026624068157614485
Julie Kavner,2,0.05324813631522897
Julie R. Ølgaard,1,0.026624068157614485
Julie Walters,2,0.05324813631522897
Juliet Stevenson,1,0.026624068157614485
June Carter Cash,1,0.026624068157614485
June Foray,1,0.026624068157614485
June Lockhart,1,0.026624068157614485
Justin Theroux,2,0.05324813631522897
Justin Timberlake,1,0.026624068157614485
Justine Waddell,1,0.026624068157614485
Jürgen Prochnow,3,0.07987220447284345
Kaitlyn Dever,1,0.026624068157614485
Kali Rocha,1,0.026624068157614485
Kamatari Fujiwara,1,0.026624068157614485
Kamel Krifa,1,0.026624068157614485
Kang-ho Song,1,0.026624068157614485
Karan Brar,2,0.05324813631522897
Karen Allen,1,0.026624068157614485
Kari Matchett,2,0.05324813631522897
Kari Wuhrer,2,0.05324813631522897
Karin Konoval,1,0.026624068157614485
Karl Johnson,1,0.026624068157614485
Karl Yune,1,0.026624068157614485
Kassie Wesley DePaiva,1,0.026624068157614485
Kate Burton,1,0.026624068157614485
Kate Capshaw,2,0.05324813631522897
Kate Graham,1,0.026624068157614485
Kate Luyben,1,0.026624068157614485
Kate Walsh,1,0.026624068157614485
Katharine Isabelle,1,0.026624068157614485
Katharine McPhee,1,0.026624068157614485
Katherine Helmond,1,0.026624068157614485
Katherine LaNasa,1,0.026624068157614485
Kathleen Munroe,1,0.026624068157614485
Kathleen Quinlan,4,0.10649627263045794
Kathleen Turner,1,0.026624068157614485
Kathleen Wilhoite,1,0.026624068157614485
Kathryn Erbe,1,0.026624068157614485
Kathryn Joosten,1,0.026624068157614485
Kathy Baker,1,0.026624068157614485
Katie Aselton,1,0.026624068157614485
Katie Lowes,2,0.05324813631522897
Katt Williams,2,0.05324813631522897
Katy Mixon,2,0.05324813631522897
Kaylee DeFer,1,0.026624068157614485
Kayvan Novak,2,0.05324813631522897
Keegan Connor Tracy,1,0.026624068157614485
Keegan-Michael Key,2,0.05324813631522897
Keenen Ivory Wayans,1,0.026624068157614485
Keir O'Donnell,1,0.026624068157614485
Keith Allen,1,0.026624068157614485
Keith Hudson,1,0.026624068157614485
Kel O'Neill,1,0.026624068157614485
Kelli Barrett,1,0.026624068157614485
Kelli Garner,1,0.026624068157614485
Kellie Martin,1,0.026624068157614485
Kelly Carlson,1,0.026624068157614485
Kelly Keaton,1,0.026624068157614485
Kelly Lynch,3,0.07987220447284345
Kelly Macdonald,1,0.026624068157614485
Kelly Preston,2,0.05324813631522897
Kelly Ripa,1,0.026624068157614485
Kelly Rowan,1,0.026624068157614485
Kelsey Grammer,2,0.05324813631522897
Kelvin Han Yee,1,0.026624068157614485
Ken Marino,2,0.05324813631522897
Ken Sansom,1,0.026624068157614485
Ken Siu,1,0.026624068157614485
Kenan Thompson,1,0.026624068157614485
Kenneth Colley,1,0.026624068157614485
Kenneth Mars,1,0.026624068157614485
Kenneth Mitchell,1,0.026624068157614485
Kenny Baker,3,0.07987220447284345
Keri Lynn Pratt,2,0.05324813631522897
Kerr Smith,1,0.026624068157614485
Keshia Knight Pulliam,1,0.026624068157614485
Kesun Loder,1,0.026624068157614485
Kevin Breznahan,1,0.026624068157614485
Kevin Brown,1,0.026624068157614485
Kevin Chamberlin,1,0.026624068157614485
Kevin Corrigan,2,0.05324813631522897
Kevin Dillon,1,0.026624068157614485
Kevin Dunn,6,0.1597444089456869
Kevin G. Schmidt,1,0.026624068157614485
Kevin J. O'Connor,1,0.026624068157614485
Kevin McHale,1,0.026624068157614485
Kevin McNally,1,0.026624068157614485
Kevin Nash,1,0.026624068157614485
Kevin Nealon,4,0.10649627263045794
Kevin Peter Hall,1,0.026624068157614485
Kevin Pollak,6,0.1597444089456869
Kevin Rahm,1,0.026624068157614485
Kevin Sussman,5,0.13312034078807242
Kevin Tighe,1,0.026624068157614485
Kevin Williamson,1,0.026624068157614485
Kevork Malikyan,1,0.026624068157614485
Khalid Abdalla,1,0.026624068157614485
Khamani Griffin,1,0.026624068157614485
Khandi Alexander,1,0.026624068157614485
Kieran Culkin,1,0.026624068157614485
Kiersey Clemons,2,0.05324813631522897
Kim Chan,2,0.05324813631522897
Kim Darby,1,0.026624068157614485
Kim De Angelo,1,0.026624068157614485
Kim Delaney,1,0.026624068157614485
Kim Dickens,1,0.026624068157614485
Kimberly Beck,1,0.026624068157614485
Kip Pardue,1,0.026624068157614485
Kirsten Day,1,0.026624068157614485
Kirsten Dunst,7,0.1863684771033014
Kjell Nilsson,1,0.026624068157614485
Kodi Smit-McPhee,2,0.05324813631522897
Kris Marshall,5,0.13312034078807242
Kristen Connolly,2,0.05324813631522897
Kristen Johnston,1,0.026624068157614485
Kristen Stewart,1,0.026624068157614485
Kristin Davis,3,0.07987220447284345
Kristin Scott Thomas,3,0.07987220447284345
Kristy Swanson,1,0.026624068157614485
Kurt Fuller,2,0.05324813631522897
Kurt Loder,1,0.026624068157614485
Kurtwood Smith,1,0.026624068157614485
Kwesi Ameyaw,1,0.026624068157614485
Kwok-Kwan Chan,2,0.05324813631522897
Kyle Gass,1,0.026624068157614485
Kyle Schmid,1,0.026624068157614485
Kylie Minogue,1,0.026624068157614485
LL Cool J,2,0.05324813631522897
Lainie Kazan,2,0.05324813631522897
Lambert Wilson,1,0.026624068157614485
Lamman Rucker,1,0.026624068157614485
Lane Smith,1,0.026624068157614485
Larenz Tate,3,0.07987220447284345
Larry Bagby,1,0.026624068157614485
Larry Blamire,1,0.026624068157614485
Larry Fessenden,2,0.05324813631522897
Larry Joe Campbell,1,0.026624068157614485
Larry King,2,0.05324813631522897
Larry Miller,5,0.13312034078807242
Larry Poindexter,1,0.026624068157614485
Larry the Cable Guy,1,0.026624068157614485
Laura Brent,1,0.026624068157614485
Laura Harring,1,0.026624068157614485
Laura Harris,1,0.026624068157614485
Laura Ramsey,1,0.026624068157614485
Lauren Ambrose,1,0.026624068157614485
Lauren Gottlieb,1,0.026624068157614485
Lauren Lee Smith,1,0.026624068157614485
Lauren Sweetser,1,0.026624068157614485
Laurence Fox,1,0.026624068157614485
Laurence Olivier,1,0.026624068157614485
Lauryn Hill,1,0.026624068157614485
Lawrence Gilliard Jr.,1,0.026624068157614485
Laz Alonso,3,0.07987220447284345
Lee J. Cobb,1,0.026624068157614485
Lee Majors,2,0.05324813631522897
Lee Tergesen,1,0.026624068157614485
Lee Ving,1,0.026624068157614485
Leigh Whannell,3,0.07987220447284345
Leighton Meester,1,0.026624068157614485
Leila Arcieri,1,0.026624068157614485
Leland Orser,3,0.07987220447284345
Leleti Khumalo,1,0.026624068157614485
Lena Olin,3,0.07987220447284345
Leo Howard,1,0.026624068157614485
Leon,1,0.026624068157614485
Leon Rippy,1,0.026624068157614485
Leonie Benesch,1,0.026624068157614485
Leonor Varela,1,0.026624068157614485
Lesley Ann Warren,1,0.026624068157614485
Lesley Manville,1,0.026624068157614485
Lesley Sharp,2,0.05324813631522897
Leslie Bibb,1,0.026624068157614485
Leslie Hope,1,0.026624068157614485
Leticia Brédice,1,0.026624068157614485
Leven Rambin,1,0.026624068157614485
Lew Temple,2,0.05324813631522897
Lex Shrapnel,1,0.026624068157614485
Lexa Doig,1,0.026624068157614485
Liam Aiken,1,0.026624068157614485
Liane Balaban,1,0.026624068157614485
Libby Villari,1,0.026624068157614485
Lil' Wayne,1,0.026624068157614485
Lili Taylor,1,0.026624068157614485
Lillete Dubey,3,0.07987220447284345
Lillo Brancato,1,0.026624068157614485
Lily Cole,1,0.026624068157614485
Lily James,3,0.07987220447284345
Lily Tomlin,1,0.026624068157614485
Linda Fiorentino,2,0.05324813631522897
Linda Kozlowski,1,0.026624068157614485
Linda Lovelace,1,0.026624068157614485
Lindsay Duncan,1,0.026624068157614485
Lindsay Sloane,1,0.026624068157614485
Lindy Booth,1,0.026624068157614485
Lisa Ann Walter,1,0.026624068157614485
Lisa Bonet,2,0.05324813631522897
Lisa Gaye,1,0.026624068157614485
Lisa Pelikan,1,0.026624068157614485
Livvy Stubenrauch,1,0.026624068157614485
Liya Kebede,1,0.026624068157614485
Liz Mullane,1,0.026624068157614485
Liza Lapira,1,0.026624068157614485
Ljubomir Kerekes,1,0.026624068157614485
Logan Lerman,1,0.026624068157614485
Lois Chiles,1,0.026624068157614485
Lois Maxwell,5,0.13312034078807242
Lois Smith,1,0.026624068157614485
Lolita Davidovich,1,0.026624068157614485
Loretta Devine,2,0.05324813631522897
Lori Singer,3,0.07987220447284345
Lorna Raver,1,0.026624068157614485
Lorraine Bracco,1,0.026624068157614485
Lotte Verbeek,1,0.026624068157614485
Lou Romano,1,0.026624068157614485
Louis Ferreira,1,0.026624068157614485
Louis Lombardi,1,0.026624068157614485
Louise Fletcher,1,0.026624068157614485
Louise Lasser,1,0.026624068157614485
Lucas Grabeel,1,0.026624068157614485
Lucille La Verne,1,0.026624068157614485
Lucy Boynton,1,0.026624068157614485
Ludivine Sagnier,1,0.026624068157614485
Luis E. Carazo,1,0.026624068157614485
Luis Miranda,1,0.026624068157614485
Luis Rosado,1,0.026624068157614485
Luisa Ranieri,1,0.026624068157614485
Lukas Haas,4,0.10649627263045794
Luke Grimes,1,0.026624068157614485
Lumi Cavazos,1,0.026624068157614485
Lupe Ontiveros,1,0.026624068157614485
Lusia Strus,1,0.026624068157614485
Lydia Wilson,1,0.026624068157614485
Lynda Boyd,1,0.026624068157614485
Lynn Cohen,1,0.026624068157614485
Lynn Redgrave,2,0.05324813631522897
Lynn Whitfield,1,0.026624068157614485
M. Emmet Walsh,3,0.07987220447284345
M.C. Gainey,2,0.05324813631522897
Mac McDonald,1,0.026624068157614485
Mackenzie Aladjem,1,0.026624068157614485
Mackenzie Crook,1,0.026624068157614485
Mackenzie Foy,2,0.05324813631522897
Mackenzie Phillips,1,0.026624068157614485
Madison McKinley,1,0.026624068157614485
Madison Pettis,2,0.05324813631522897
Madison Rothschild,1,0.026624068157614485
Magda Apanowicz,1,0.026624068157614485
Maggie Cheung,3,0.07987220447284345
Mai Charoenpura,1,0.026624068157614485
Mako,3,0.07987220447284345
Malik Yoba,1,0.026624068157614485
Man Li,1,0.026624068157614485
Marama Corlett,1,0.026624068157614485
Marc Blucas,1,0.026624068157614485
Marc Donato,1,0.026624068157614485
Marc John Jefferies,2,0.05324813631522897
Marc Macaulay,1,0.026624068157614485
Marc Singer,1,0.026624068157614485
Marcel Iures,2,0.05324813631522897
Marcella Lentz-Pope,1,0.026624068157614485
Marcia Wallace,1,0.026624068157614485
Marco Hofschneider,1,0.026624068157614485
Marcus Lyle Brown,1,0.026624068157614485
Margaret Cho,1,0.026624068157614485
Margaret Tracey,1,0.026624068157614485
Margot Kidder,2,0.05324813631522897
Maria Canals-Barrera,1,0.026624068157614485
Maria Thayer,1,0.026624068157614485
Mariah Carey,2,0.05324813631522897
Marian Seldes,2,0.05324813631522897
Marie Gillain,1,0.026624068157614485
Marie Pillet,1,0.026624068157614485
Marilyn Burns,2,0.05324813631522897
Marilyn Manson,1,0.026624068157614485
Marina Hands,1,0.026624068157614485
Mario Monicelli,1,0.026624068157614485
Mario Van Peebles,1,0.026624068157614485
Marion Ross,1,0.026624068157614485
Marisol Nichols,1,0.026624068157614485
Mark Camacho,2,0.05324813631522897
Mark De Alessandro,1,0.026624068157614485
Mark Feuerstein,1,0.026624068157614485
Mark L. Young,2,0.05324813631522897
Mark Margolis,3,0.07987220447284345
Mark Moses,1,0.026624068157614485
Mark Valley,1,0.026624068157614485
Mark Walters,1,0.026624068157614485
Mark Webber,3,0.07987220447284345
Mark Williams,2,0.05324813631522897
Marko Zaror,1,0.026624068157614485
Marla Sokoloff,2,0.05324813631522897
Marley Shelton,2,0.05324813631522897
Marshall Bell,3,0.07987220447284345
Martha MacIsaac,2,0.05324813631522897
Martijn Lakemeier,1,0.026624068157614485
Martin Donovan,2,0.05324813631522897
Martin Henderson,1,0.026624068157614485
Martin Kove,1,0.026624068157614485
Martin Landau,3,0.07987220447284345
Martin Starr,1,0.026624068157614485
Martina Gedeck,2,0.05324813631522897
Mary Catherine Garrison,1,0.026624068157614485
Mary Elizabeth Mastrantonio,3,0.07987220447284345
Mary Kay Place,3,0.07987220447284345
Mary Lynn Rajskub,1,0.026624068157614485
Mary McCormack,4,0.10649627263045794
Mary McDonnell,2,0.05324813631522897
Mary Page Keller,1,0.026624068157614485
María Alche,1,0.026624068157614485
María Aura,1,0.026624068157614485
María Botto,1,0.026624068157614485
Masi Oka,1,0.026624068157614485
Mason Gamble,1,0.026624068157614485
Mathieu Amalric,1,0.026624068157614485
Matt Bushell,1,0.026624068157614485
Matt Craven,4,0.10649627263045794
Matt Damon,1,0.026624068157614485
Matt Gerald,1,0.026624068157614485
Matt Hill,1,0.026624068157614485
Matt Keeslar,1,0.026624068157614485
Matt Letscher,1,0.026624068157614485
Matt O'Leary,2,0.05324813631522897
Matt Price,1,0.026624068157614485
Matt Prokop,1,0.026624068157614485
Matt Schulze,1,0.026624068157614485
Matt Servitto,1,0.026624068157614485
Matt Smith,1,0.026624068157614485
Matt Stone,1,0.026624068157614485
Matt Walsh,3,0.07987220447284345
Matthew Borlenghi,1,0.026624068157614485
Matthew Broderick,3,0.07987220447284345
Matthew Daddario,1,0.026624068157614485
Matthew Glave,1,0.026624068157614485
Matthew Gray Gubler,2,0.05324813631522897
Matthew Knight,1,0.026624068157614485
Matthew Lawrence,2,0.05324813631522897
Matthew McConaughey,3,0.07987220447284345
Matthew Modine,2,0.05324813631522897
Matthew Settle,1,0.026624068157614485
Matthew Walker,1,0.026624068157614485
Matthias Habich,1,0.026624068157614485
Matty Rich,1,0.026624068157614485
Maude Apatow,1,0.026624068157614485
Maura Tierney,1,0.026624068157614485
Maurice Compte,2,0.05324813631522897
Maurice LaMarche,1,0.026624068157614485
Maurice Roëves,1,0.026624068157614485
Maury Chaykin,3,0.07987220447284345
Max Adler,1,0.026624068157614485
Max Casella,1,0.026624068157614485
Max Cullen,1,0.026624068157614485
Max Records,1,0.026624068157614485
Max Ryan,1,0.026624068157614485
Maximilian Schell,1,0.026624068157614485
Maxine Bahns,1,0.026624068157614485
Maya Angelou,1,0.026624068157614485
Meg Crosbie,1,0.026624068157614485
Megalyn Echikunwoke,1,0.026624068157614485
Megan Franich,1,0.026624068157614485
Megan Mullally,2,0.05324813631522897
Megan Park,1,0.026624068157614485
Megyn Price,1,0.026624068157614485
Mekhi Phifer,4,0.10649627263045794
Mel Rodriguez,1,0.026624068157614485
Melanie Griffith,1,0.026624068157614485
Melinda Dillon,2,0.05324813631522897
Melissa McMeekin,2,0.05324813631522897
Melissa Ordway,1,0.026624068157614485
Melissa Sturm,1,0.026624068157614485
Melonie Diaz,1,0.026624068157614485
Melvil Poupaud,1,0.026624068157614485
Melvin Van Peebles,1,0.026624068157614485
Meredith Hagner,1,0.026624068157614485
Merritt Wever,1,0.026624068157614485
Merry Clayton,1,0.026624068157614485
Meryl Streep,2,0.05324813631522897
Method Man,2,0.05324813631522897
Mia Farrow,1,0.026624068157614485
Mia Kirshner,1,0.026624068157614485
Micah Sloat,1,0.026624068157614485
Michael Angarano,3,0.07987220447284345
Michael Beach,1,0.026624068157614485
Michael Berryman,1,0.026624068157614485
Michael Bowen,2,0.05324813631522897
Michael C. Williams,1,0.026624068157614485
Michael Chernus,1,0.026624068157614485
Michael DeLorenzo,1,0.026624068157614485
Michael Dorn,1,0.026624068157614485
Michael Gaston,2,0.05324813631522897
Michael Gross,1,0.026624068157614485
Michael Hitchcock,1,0.026624068157614485
Michael Horse,1,0.026624068157614485
Michael Irby,1,0.026624068157614485
Michael Jeter,3,0.07987220447284345
Michael Jordan,1,0.026624068157614485
Michael Kelly,3,0.07987220447284345
Michael Kitchen,2,0.05324813631522897
Michael Lerner,1,0.026624068157614485
Michael Lonsdale,1,0.026624068157614485
Michael McGlone,1,0.026624068157614485
Michael McKean,3,0.07987220447284345
Michael Michele,1,0.026624068157614485
Michael Monks,1,0.026624068157614485
Michael Mosley,1,0.026624068157614485
Michael Nardone,1,0.026624068157614485
Michael Nouri,1,0.026624068157614485
Michael Nyqvist,1,0.026624068157614485
Michael O'Neill,1,0.026624068157614485
Michael Palin,1,0.026624068157614485
Michael Parks,1,0.026624068157614485
Michael Paré,1,0.026624068157614485
Michael Potts,1,0.026624068157614485
Michael Rapaport,3,0.07987220447284345
Michael Richards,1,0.026624068157614485
Michael Rispoli,5,0.13312034078807242
Michael Stuhlbarg,2,0.05324813631522897
Michael Weston,2,0.05324813631522897
Michael Wincott,3,0.07987220447284345
Michael Winslow,2,0.05324813631522897
Michael Wright,1,0.026624068157614485
Michaela Watkins,1,0.026624068157614485
Michel Bouquet,1,0.026624068157614485
Michel Muller,1,0.026624068157614485
Michelle Forbes,1,0.026624068157614485
Michelle Hurst,1,0.026624068157614485
Michelle Krusiec,1,0.026624068157614485
Michelle Nolden,1,0.026624068157614485
Mick Foley,1,0.026624068157614485
Miguel A. Núñez Jr.,1,0.026624068157614485
Miguel Ángel Solá,1,0.026624068157614485
Mihalis Giannatos,1,0.026624068157614485
Mike Bell,1,0.026624068157614485
Mike Colter,1,0.026624068157614485
Mike Dopud,1,0.026624068157614485
Mike Epps,5,0.13312034078807242
Mike Eshaq,1,0.026624068157614485
Mike Muscat,1,0.026624068157614485
Mike Starr,2,0.05324813631522897
Mike Tyson,2,0.05324813631522897
Mike Vogel,1,0.026624068157614485
Mike White,1,0.026624068157614485
Miko Hughes,1,0.026624068157614485
Milan Lasica,1,0.026624068157614485
Mimi Kirkland,1,0.026624068157614485
Mimi Rogers,1,0.026624068157614485
Mindy Kaling,2,0.05324813631522897
Mini Anden,2,0.05324813631522897
Minnie Driver,2,0.05324813631522897
Miranda July,1,0.026624068157614485
Miranda Otto,4,0.10649627263045794
Miranda Richardson,4,0.10649627263045794
Mircea Monroe,1,0.026624068157614485
Mireille Enos,1,0.026624068157614485
Miriam Colon,1,0.026624068157614485
Miriam Margolyes,1,0.026624068157614485
Miriama Smith,1,0.026624068157614485
Misha Gabriel Hamilton,1,0.026624068157614485
Misty Upham,1,0.026624068157614485
Mitch Pileggi,1,0.026624068157614485
Mitchell Ryan,2,0.05324813631522897
Miyu Irino,1,0.026624068157614485
Mo Gallini,1,0.026624068157614485
Mohamad Haref Harati,1,0.026624068157614485
Mohammad Amir Naji,1,0.026624068157614485
Moises Arias,1,0.026624068157614485
Mojgan Faramarzi,1,0.026624068157614485
Molly Dunsworth,1,0.026624068157614485
Molly Ephraim,1,0.026624068157614485
Molly Hagan,1,0.026624068157614485
Molly Shannon,5,0.13312034078807242
Mona Marshall,1,0.026624068157614485
Monica Potter,2,0.05324813631522897
Morgan Freeman,2,0.05324813631522897
Munro Chambers,1,0.026624068157614485
Murray Hamilton,1,0.026624068157614485
Mykelti Williamson,2,0.05324813631522897
Na'Blonka Durden,1,0.026624068157614485
Nadine Labaki,1,0.026624068157614485
Nadine Velazquez,4,0.10649627263045794
Nancy Allen,1,0.026624068157614485
Nancy Cartwright,1,0.026624068157614485
Nancy Kyes,1,0.026624068157614485
Nancy O'Dell,2,0.05324813631522897
Nastassja Kinski,1,0.026624068157614485
Nat Faxon,1,0.026624068157614485
Nat Wolff,1,0.026624068157614485
Natalie Lisinska,1,0.026624068157614485
Natalie Mendoza,1,0.026624068157614485
Natascha McElhone,1,0.026624068157614485
Natasha Calis,2,0.05324813631522897
Natasha Henstridge,3,0.07987220447284345
Natasha Lyonne,3,0.07987220447284345
Natasha Richardson,1,0.026624068157614485
Nathan Lane,3,0.07987220447284345
Nathaniel Parker,2,0.05324813631522897
Ned Beatty,1,0.026624068157614485
Ned Bellamy,3,0.07987220447284345
Neil Armstrong,1,0.026624068157614485
Neil Flynn,1,0.026624068157614485
Neil Maskell,2,0.05324813631522897
Nellie McKay,1,0.026624068157614485
Nellie Sciutto,1,0.026624068157614485
Nels Lennarson,1,0.026624068157614485
Nia Long,1,0.026624068157614485
Nia Vardalos,1,0.026624068157614485
Niall Horan,1,0.026624068157614485
Nichelle Nichols,2,0.05324813631522897
Nicholas Bell,1,0.026624068157614485
Nicholas Braun,2,0.05324813631522897
Nicholas Elia,1,0.026624068157614485
Nicholas Hammond,1,0.026624068157614485
Nicholas Tse,1,0.026624068157614485
Nicholas Turturro,3,0.07987220447284345
Nick Cassavetes,1,0.026624068157614485
Nick Chinlund,1,0.026624068157614485
Nick Damici,1,0.026624068157614485
Nick Gomez,1,0.026624068157614485
Nick Robinson,1,0.026624068157614485
Nick Searcy,1,0.026624068157614485
Nicki Aycox,1,0.026624068157614485
Nicky Katt,1,0.026624068157614485
Nicky Naudé,1,0.026624068157614485
Nicolas Cage,1,0.026624068157614485
Nicole Beharie,1,0.026624068157614485
Nicole Scherzinger,1,0.026624068157614485
Nicole de Boer,1,0.026624068157614485
Nicollette Sheridan,1,0.026624068157614485
Niecy Nash,1,0.026624068157614485
Nigel Whitmey,1,0.026624068157614485
Niketa Calame,1,0.026624068157614485
Nikki Griffin,1,0.026624068157614485
Nimrat Kaur,1,0.026624068157614485
Nina Arianda,1,0.026624068157614485
Nina Hartley,1,0.026624068157614485
Noah Emmerich,4,0.10649627263045794
Noah Segan,1,0.026624068157614485
Noah Taylor,2,0.05324813631522897
Noam Jenkins,1,0.026624068157614485
Noel Clarke,1,0.026624068157614485
Noel Gugliemi,2,0.05324813631522897
Nona Gaye,1,0.026624068157614485
Nonso Anozie,3,0.07987220447284345
Nora Dunn,2,0.05324813631522897
Nora Zehetner,3,0.07987220447284345
Noémie Lenoir,1,0.026624068157614485
O.J. Simpson,1,0.026624068157614485
Oaklee Pendergast,1,0.026624068157614485
Oana Pellea,1,0.026624068157614485
Oanh Nguyen,1,0.026624068157614485
Obba Babatundé,2,0.05324813631522897
Oksana Akinshina,1,0.026624068157614485
Olga Fonda,1,0.026624068157614485
Oliver Cooper,1,0.026624068157614485
Oliver Platt,3,0.07987220447284345
Oliver Reed,1,0.026624068157614485
Oliver Stark,1,0.026624068157614485
Olivia Colman,1,0.026624068157614485
Olivia Wilde,1,0.026624068157614485
Olivia Williams,3,0.07987220447284345
Olivier Rabourdin,1,0.026624068157614485
Olly Alexander,2,0.05324813631522897
Om Puri,2,0.05324813631522897
Omar Benson Miller,1,0.026624068157614485
Omar Epps,3,0.07987220447284345
Omar Sy,1,0.026624068157614485
Omid Abtahi,1,0.026624068157614485
Oona Laurence,1,0.026624068157614485
Oprah Winfrey,1,0.026624068157614485
Orlando Bloom,1,0.026624068157614485
Oscar Gale,1,0.026624068157614485
Osric Chau,1,0.026624068157614485
Othon Bastos,1,0.026624068157614485
Owen Burke,1,0.026624068157614485
Owen Kline,1,0.026624068157614485
Owen Teale,1,0.026624068157614485
P.J. Soles,3,0.07987220447284345
Paolo Montalban,1,0.026624068157614485
Paolo Seganti,1,0.026624068157614485
Parker Sawyers,1,0.026624068157614485
Pat Healy,1,0.026624068157614485
Paterson Joseph,1,0.026624068157614485
Patricia Belcher,1,0.026624068157614485
Patricia Heaton,1,0.026624068157614485
Patricia Velasquez,1,0.026624068157614485
Patrick Bergin,1,0.026624068157614485
Patrick Cronin,1,0.026624068157614485
Patrick Fabian,1,0.026624068157614485
Patrick Fischler,2,0.05324813631522897
Patrick Fugit,1,0.026624068157614485
Patrick Kilpatrick,2,0.05324813631522897
Patrick St. Esprit,1,0.026624068157614485
Patrick Wilson,1,0.026624068157614485
Patti LuPone,1,0.026624068157614485
Paul Anderson,1,0.026624068157614485
Paul Barber,1,0.026624068157614485
Paul Ben-Victor,1,0.026624068157614485
Paul Borghese,1,0.026624068157614485
Paul Dooley,2,0.05324813631522897
Paul Guilfoyle,5,0.13312034078807242
Paul Mazursky,1,0.026624068157614485
Paul McGann,1,0.026624068157614485
Paul Michael Glaser,1,0.026624068157614485
Paul Sanchez,1,0.026624068157614485
Paul Schneider,1,0.026624068157614485
Paul Sorvino,5,0.13312034078807242
Paul Sparks,1,0.026624068157614485
Paul T. Taylor,1,0.026624068157614485
Paul Williams,1,0.026624068157614485
Paul Winfield,1,0.026624068157614485
Paula Abdul,1,0.026624068157614485
Paula Garcés,4,0.10649627263045794
Paula Marshall,1,0.026624068157614485
Pauline Collins,1,0.026624068157614485
Pauline McLynn,2,0.05324813631522897
Paulo Costanzo,2,0.05324813631522897
Paz de la Huerta,1,0.026624068157614485
Pedro Armendáriz Jr.,1,0.026624068157614485
Pedro Miguel Arce,1,0.026624068157614485
Penelope Ann Miller,1,0.026624068157614485
Penelope Wilton,2,0.05324813631522897
Penny Balfour,1,0.026624068157614485
Perdita Weeks,1,0.026624068157614485
Perrey Reeves,1,0.026624068157614485
Peter Berg,1,0.026624068157614485
Peter Boyle,2,0.05324813631522897
Peter Breitmayer,1,0.026624068157614485
Peter Callan,1,0.026624068157614485
Peter Coyote,3,0.07987220447284345
Peter Dante,1,0.026624068157614485
Peter Fonda,2,0.05324813631522897
Peter Gallagher,1,0.026624068157614485
Peter Gerety,2,0.05324813631522897
Peter Greene,1,0.026624068157614485
Peter Hermann,1,0.026624068157614485
Peter Krause,1,0.026624068157614485
Peter Kwong,1,0.026624068157614485
Peter McNamara,1,0.026624068157614485
Peter McNicholl,1,0.026624068157614485
Peter Mensah,2,0.05324813631522897
Peter Onorati,1,0.026624068157614485
Peter Polycarpou,1,0.026624068157614485
Peter Sallis,1,0.026624068157614485
Peter Scolari,1,0.026624068157614485
Peter Spellos,1,0.026624068157614485
Peter Ustinov,1,0.026624068157614485
Peter Wingfield,1,0.026624068157614485
Peter Youngblood Hills,1,0.026624068157614485
Peyman Moaadi,1,0.026624068157614485
Phil Davis,1,0.026624068157614485
Phil LaMarr,1,0.026624068157614485
Phil Leeds,1,0.026624068157614485
Phil Vischer,1,0.026624068157614485
Philip Baker Hall,5,0.13312034078807242
Philip Friedman,1,0.026624068157614485
Philip Glenister,1,0.026624068157614485
Philip Winchester,1,0.026624068157614485
Phoebe Cates,1,0.026624068157614485
Phyllis Smith,2,0.05324813631522897
Pierre Perrier,1,0.026624068157614485
Pip Torrens,1,0.026624068157614485
Polly Noonan,1,0.026624068157614485
Polly Walker,1,0.026624068157614485
Poppy Montgomery,1,0.026624068157614485
Portia Doubleday,3,0.07987220447284345
Portia de Rossi,1,0.026624068157614485
Powers Boothe,2,0.05324813631522897
Preity Zinta,1,0.026624068157614485
Priscilla Presley,1,0.026624068157614485
Pruitt Taylor Vince,2,0.05324813631522897
Puti Sri Candra Dewi,1,0.026624068157614485
Qiu Yuen,1,0.026624068157614485
Quinton Aaron,2,0.05324813631522897
R. Marcos Taylor,1,0.026624068157614485
RZA,2,0.05324813631522897
Rab Affleck,1,0.026624068157614485
Rachael Harris,2,0.05324813631522897
Rachel Blanchard,3,0.07987220447284345
Rachel Brosnahan,2,0.05324813631522897
Rachel Dratch,1,0.026624068157614485
Rachel Korine,1,0.026624068157614485
Rachel Roberts,1,0.026624068157614485
Radha Mitchell,1,0.026624068157614485
Radivoje Bukvic,1,0.026624068157614485
Rae Dawn Chong,1,0.026624068157614485
Rafe Spall,4,0.10649627263045794
Rain,1,0.026624068157614485
Rainn Wilson,3,0.07987220447284345
Rakie Ayola,2,0.05324813631522897
Ralph Brown,1,0.026624068157614485
Ralph Ineson,2,0.05324813631522897
Ramon Rodriguez,3,0.07987220447284345
Randall 'Tex' Cobb,1,0.026624068157614485
Randall Duk Kim,2,0.05324813631522897
Randall Park,1,0.026624068157614485
Randy Quaid,2,0.05324813631522897
Ransford Doherty,1,0.026624068157614485
Raoul Bova,1,0.026624068157614485
Raphael Barker,1,0.026624068157614485
Raphael Sbarge,1,0.026624068157614485
Rapulana Seiphemo,1,0.026624068157614485
Raquel Alessi,1,0.026624068157614485
Raquel Elizabeth Ames,1,0.026624068157614485
Raven Goodwin,1,0.026624068157614485
Ray Charles,1,0.026624068157614485
Ray McKinnon,1,0.026624068157614485
Ray Nicholas,1,0.026624068157614485
Ray Walston,1,0.026624068157614485
Ray Winstone,2,0.05324813631522897
Raymond Cruz,4,0.10649627263045794
Raza Jaffrey,1,0.026624068157614485
Rebecca Dayan,1,0.026624068157614485
Rebecca De Mornay,1,0.026624068157614485
Rebecca Gayheart,1,0.026624068157614485
Rebecca Mader,1,0.026624068157614485
Reece Ritchie,1,0.026624068157614485
Reece Thompson,1,0.026624068157614485
Reese Mishler,1,0.026624068157614485
Reg E. Cathey,5,0.13312034078807242
Reggie Lee,1,0.026624068157614485
Regina Hall,3,0.07987220447284345
Reginald Ballard,1,0.026624068157614485
Reginald VelJohnson,1,0.026624068157614485
Rekha,1,0.026624068157614485
Rekha Sharma,1,0.026624068157614485
Rene Rosado,1,0.026624068157614485
Rene Russo,5,0.13312034078807242
Renee Faia,1,0.026624068157614485
Renee Leblanc,1,0.026624068157614485
Reuben Langdon,1,0.026624068157614485
Rex Linn,1,0.026624068157614485
Rhea Perlman,1,0.026624068157614485
Rhys Coiro,1,0.026624068157614485
Rhys Wakefield,1,0.026624068157614485
Riccardo Scamarcio,1,0.026624068157614485
Richard Beymer,1,0.026624068157614485
Richard Brake,1,0.026624068157614485
Richard Briers,2,0.05324813631522897
Richard Bull,1,0.026624068157614485
Richard Cetrone,1,0.026624068157614485
Richard Coyle,1,0.026624068157614485
Richard Crenna,1,0.026624068157614485
Richard Dawson,1,0.026624068157614485
Richard E. Grant,2,0.05324813631522897
Richard Gant,1,0.026624068157614485
Richard Lynch,1,0.026624068157614485
Richard Roxburgh,4,0.10649627263045794
Richard Schiff,5,0.13312034078807242
Richard Spore,1,0.026624068157614485
Richard T. Jones,2,0.05324813631522897
Richard Thomas,1,0.026624068157614485
Richard Tyson,2,0.05324813631522897
Rick Dial,1,0.026624068157614485
Rick Gonzalez,2,0.05324813631522897
Rick Hoffman,2,0.05324813631522897
Rick Macy,1,0.026624068157614485
Rick Yune,1,0.026624068157614485
Ricky Catter,1,0.026624068157614485
Ricky Martin,1,0.026624068157614485
Ricky Schroder,1,0.026624068157614485
Rie Miyazawa,1,0.026624068157614485
Rie Rasmussen,1,0.026624068157614485
Riki Lindhome,1,0.026624068157614485
Rila Fukushima,1,0.026624068157614485
Riley Smith,2,0.05324813631522897
Riley Thomas Stewart,1,0.026624068157614485
Rip Torn,3,0.07987220447284345
Rita Davies,1,0.026624068157614485
Rita Wilson,1,0.026624068157614485
Ritchie Coster,1,0.026624068157614485
Ritchie Montgomery,1,0.026624068157614485
Rob Brydon,1,0.026624068157614485
Rob Campbell,1,0.026624068157614485
Rob Huebel,1,0.026624068157614485
Rob Moran,1,0.026624068157614485
Rob Morrow,1,0.026624068157614485
Rob Paulsen,1,0.026624068157614485
Rob Riggle,3,0.07987220447284345
Robert Beltran,1,0.026624068157614485
Robert Capron,1,0.026624068157614485
Robert Clohessy,2,0.05324813631522897
Robert Costanzo,1,0.026624068157614485
Robert Davi,2,0.05324813631522897
Robert Duvall,7,0.1863684771033014
Robert Forster,1,0.026624068157614485
Robert Hobbs,1,0.026624068157614485
Robert John Burke,2,0.05324813631522897
Robert Longstreet,1,0.026624068157614485
Robert Maillet,1,0.026624068157614485
Robert McKee,1,0.026624068157614485
Robert Mitchum,1,0.026624068157614485
Robert Noble,1,0.026624068157614485
Robert Peters,1,0.026624068157614485
Robert Picardo,1,0.026624068157614485
Robert Pine,1,0.026624068157614485
Robert Pralgo,2,0.05324813631522897
Robert Prosky,1,0.026624068157614485
Robert Ri'chard,2,0.05324813631522897
Robert Stadlober,1,0.026624068157614485
Robert Vaughn,1,0.026624068157614485
Robert Wagner,3,0.07987220447284345
Roberta Valderrama,1,0.026624068157614485
Roberts Blossom,2,0.05324813631522897
Robin Atkin Downes,1,0.026624068157614485
Robin Sachs,1,0.026624068157614485
Robin Shou,1,0.026624068157614485
Robin Weigert,1,0.026624068157614485
Rod Steiger,1,0.026624068157614485
Roddy McDowall,1,0.026624068157614485
Rodger Bumpass,1,0.026624068157614485
Roger Allam,1,0.026624068157614485
Roger Bart,1,0.026624068157614485
Roger Cross,1,0.026624068157614485
Roger Jackson,1,0.026624068157614485
Roger Willie,1,0.026624068157614485
Rolando Molina,2,0.05324813631522897
Roma Maffia,3,0.07987220447284345
Romane Bohringer,1,0.026624068157614485
Romany Malco,3,0.07987220447284345
Romeo Miller,2,0.05324813631522897
Romi Aboulafia,1,0.026624068157614485
Ron Eldard,2,0.05324813631522897
Ron Rifkin,2,0.05324813631522897
Ron Silver,1,0.026624068157614485
Ronald Pickup,1,0.026624068157614485
Ronnie Gene Blevins,1,0.026624068157614485
Ronny Cox,1,0.026624068157614485
Rorke Denver,1,0.026624068157614485
Rory Cochrane,2,0.05324813631522897
Rory Culkin,2,0.05324813631522897
Rory Kinnear,3,0.07987220447284345
Rosa Salazar,1,0.026624068157614485
Rosalind Ayres,1,0.026624068157614485
Rosalind Chao,1,0.026624068157614485
Rosalind Harris,1,0.026624068157614485
Rosanna Arquette,1,0.026624068157614485
Rosario Dawson,1,0.026624068157614485
Roscoe Lee Browne,2,0.05324813631522897
Rose Marie,1,0.026624068157614485
Rosemarie DeWitt,3,0.07987220447284345
Rosie O'Donnell,1,0.026624068157614485
Rosie Perez,1,0.026624068157614485
Ross Elliott,1,0.026624068157614485
Ruby Dee,1,0.026624068157614485
Ruby Jerins,1,0.026624068157614485
Rudolf Klein-Rogge,1,0.026624068157614485
Rufus Sewell,2,0.05324813631522897
Rumer Willis,1,0.026624068157614485
Rupert Evans,1,0.026624068157614485
Rupert Everett,4,0.10649627263045794
Rupert Graves,2,0.05324813631522897
Rupert Grint,3,0.07987220447284345
Russ Tamblyn,1,0.026624068157614485
Russell Peters,1,0.026624068157614485
Russell Wong,1,0.026624068157614485
Russi Taylor,1,0.026624068157614485
Ruth Negga,1,0.026624068157614485
Ryan Donowho,1,0.026624068157614485
Ryan McDonald,1,0.026624068157614485
Ryan O'Neal,1,0.026624068157614485
Ryan Reynolds,1,0.026624068157614485
Ryu Kohata,1,0.026624068157614485
S. Epatha Merkerson,2,0.05324813631522897
Sachiko Ishida,1,0.026624068157614485
Saffron Burrows,1,0.026624068157614485
Sahajak Boonthanakit,1,0.026624068157614485
Sakae Kimura,1,0.026624068157614485
Sal Lopez,1,0.026624068157614485
Sally Hawkins,2,0.05324813631522897
Sally Kirkland,1,0.026624068157614485
Salma Hayek,2,0.05324813631522897
Sam Anderson,1,0.026624068157614485
Sam Claflin,1,0.026624068157614485
Sam Jaeger,1,0.026624068157614485
Sam Lerner,1,0.026624068157614485
Sam Lloyd,1,0.026624068157614485
Sam Reid,1,0.026624068157614485
Sam Riley,2,0.05324813631522897
Sam Shepard,6,0.1597444089456869
Samaire Armstrong,1,0.026624068157614485
Samantha Ivers,1,0.026624068157614485
Samantha Mathis,1,0.026624068157614485
Samantha Morton,1,0.026624068157614485
Sami Gayle,1,0.026624068157614485
Samm Levine,1,0.026624068157614485
Sammy Nagi Njuguna,1,0.026624068157614485
Samuel Roukin,1,0.026624068157614485
Sanaa Lathan,1,0.026624068157614485
Sandahl Bergman,2,0.05324813631522897
Sandra Ellis Lafferty,2,0.05324813631522897
Sandra Nelson,1,0.026624068157614485
Sandra Vergara,1,0.026624068157614485
Sandrine Holt,2,0.05324813631522897
Sanoe Lake,1,0.026624068157614485
Sara Gilbert,1,0.026624068157614485
Sarah Carter,1,0.026624068157614485
Sarah Gadon,3,0.07987220447284345
Sarah Parish,1,0.026624068157614485
Sarah Polley,1,0.026624068157614485
Sarah Solemani,1,0.026624068157614485
Sarah Steele,1,0.026624068157614485
Sarah Wright,2,0.05324813631522897
Sarah Wynter,1,0.026624068157614485
Sarunyu Wongkrachang,1,0.026624068157614485
Sasha Roiz,1,0.026624068157614485
Satoshi Tsumabuki,1,0.026624068157614485
Scarlett Johansson,4,0.10649627263045794
Scoot McNairy,3,0.07987220447284345
Scott Elrod,1,0.026624068157614485
Scott Glenn,4,0.10649627263045794
Scott Grimes,1,0.026624068157614485
Scott Handy,1,0.026624068157614485
Scott Lawrence,1,0.026624068157614485
Scott Patterson,1,0.026624068157614485
Scott Porter,1,0.026624068157614485
Scott Reeves,1,0.026624068157614485
Scott Vance,1,0.026624068157614485
Scott Weinger,1,0.026624068157614485
Scott Wolf,1,0.026624068157614485
Sean Connery,1,0.026624068157614485
Sean Harris,3,0.07987220447284345
Sean Hayes,2,0.05324813631522897
Sean Pertwee,1,0.026624068157614485
Sebastian Blomberg,1,0.026624068157614485
Sebastian Roché,1,0.026624068157614485
Sedona Legge,1,0.026624068157614485
Sela Ward,4,0.10649627263045794
Ser'Darius Blain,1,0.026624068157614485
Serena Grandi,1,0.026624068157614485
Serena Scott Thomas,1,0.026624068157614485
Sergi López,2,0.05324813631522897
Sergio Calderón,1,0.026624068157614485
Seth Gilliam,2,0.05324813631522897
Seth MacFarlane,3,0.07987220447284345
Seth Meyers,1,0.026624068157614485
Seymour Cassel,3,0.07987220447284345
Shad Moss,1,0.026624068157614485
Shane Brolly,1,0.026624068157614485
Shane Rangi,1,0.026624068157614485
Shannen Fields,1,0.026624068157614485
Shannon Tweed,1,0.026624068157614485
Shantel VanSanten,1,0.026624068157614485
Sharon Leal,1,0.026624068157614485
Shaun Evans,1,0.026624068157614485
Shaun Parkes,2,0.05324813631522897
Shaun Sipos,1,0.026624068157614485
Shaun Toub,1,0.026624068157614485
Shawn Christian,1,0.026624068157614485
Shawn Doyle,1,0.026624068157614485
Shawn Hatosy,5,0.13312034078807242
Shawn Roberts,2,0.05324813631522897
Shawnee Smith,2,0.05324813631522897
Shea Whigham,1,0.026624068157614485
Shelby Vischer,1,0.026624068157614485
Shelley Duvall,2,0.05324813631522897
Shenae Grimes-Beech,1,0.026624068157614485
Sherman Hemsley,1,0.026624068157614485
Sherri Shepherd,1,0.026624068157614485
Shidô Nakamura,1,0.026624068157614485
Shigeo Kobayashi,1,0.026624068157614485
Shinobu Terajima,1,0.026624068157614485
Shirley Douglas,1,0.026624068157614485
Shirley Henderson,3,0.07987220447284345
Shirley Knight,1,0.026624068157614485
Shriya Saran,1,0.026624068157614485
Sid Caesar,1,0.026624068157614485
Sihung Lung,1,0.026624068157614485
Simon Baker,1,0.026624068157614485
Simon Baron-Cohen,1,0.026624068157614485
Simon Callow,3,0.07987220447284345
Simon Chandler,1,0.026624068157614485
Simon McBurney,1,0.026624068157614485
Simon Woods,1,0.026624068157614485
Siobhan Fallon Hogan,1,0.026624068157614485
Sissy Spacek,3,0.07987220447284345
Ski Carr,1,0.026624068157614485
Skyler Samuels,1,0.026624068157614485
Slash,1,0.026624068157614485
Sofia Black-D'Elia,1,0.026624068157614485
Sonja Sohn,1,0.026624068157614485
Sophie Okonedo,3,0.07987220447284345
Spencer Breslin,3,0.07987220447284345
Spencer Tracy,1,0.026624068157614485
Stacy Keach,3,0.07987220447284345
Stanislav Ianevski,1,0.026624068157614485
Stanley B. Herman,1,0.026624068157614485
Stefan Kapicic,1,0.026624068157614485
Stephanie Berry,1,0.026624068157614485
Stephanie Lemelin,1,0.026624068157614485
Stephanie Leonidas,1,0.026624068157614485
Stephanie March,1,0.026624068157614485
Stephanie Sigman,1,0.026624068157614485
Stephanie Szostak,1,0.026624068157614485
Stephen Baldwin,1,0.026624068157614485
Stephen Colbert,1,0.026624068157614485
Stephen Collins,2,0.05324813631522897
Stephen Dillane,2,0.05324813631522897
Stephen Graham,2,0.05324813631522897
Stephen Henderson,2,0.05324813631522897
Stephen McHattie,1,0.026624068157614485
Stephen Merchant,1,0.026624068157614485
Stephen Rea,2,0.05324813631522897
Stephen Root,6,0.1597444089456869
Steve Bannos,1,0.026624068157614485
Steve Bastoni,2,0.05324813631522897
Steve Bisley,2,0.05324813631522897
Steve Burg,1,0.026624068157614485
Steve Buscemi,1,0.026624068157614485
Steve Byers,1,0.026624068157614485
Steve Carell,6,0.1597444089456869
Steve Coogan,8,0.21299254526091588
Steve Guttenberg,2,0.05324813631522897
Steve Harris,2,0.05324813631522897
Steve Harvey,2,0.05324813631522897
Steve Pemberton,1,0.026624068157614485
Steve Whitmire,2,0.05324813631522897
Steven Berkoff,1,0.026624068157614485
Steven Brill,1,0.026624068157614485
Steven Hill,1,0.026624068157614485
Steven Mackintosh,2,0.05324813631522897
Steven Weber,1,0.026624068157614485
Stockard Channing,2,0.05324813631522897
Stuart Wilson,3,0.07987220447284345
Sumalee Montano,1,0.026624068157614485
Summer Phoenix,1,0.026624068157614485
Sung-jun Yoo,1,0.026624068157614485
Susan Blommaert,1,0.026624068157614485
Susan Gardner,1,0.026624068157614485
Susan Hogan,1,0.026624068157614485
Susan Tyrrell,1,0.026624068157614485
Susan Ward,1,0.026624068157614485
Susanne Lothar,1,0.026624068157614485
Suzie Plakson,1,0.026624068157614485
Sven Nordin,1,0.026624068157614485
Sven-Ole Thorsen,1,0.026624068157614485
Swoosie Kurtz,3,0.07987220447284345
Syamsul Arifin,1,0.026624068157614485
Sydelle Noel,1,0.026624068157614485
Sydney Penny,1,0.026624068157614485
Sydney Pollack,3,0.07987220447284345
T.C. Stallings,1,0.026624068157614485
T.I.,2,0.05324813631522897
T.J. Thyne,2,0.05324813631522897
Tabu,1,0.026624068157614485
Tadanobu Asano,1,0.026624068157614485
Taika Waititi,1,0.026624068157614485
Tamala Jones,3,0.07987220447284345
Tamar Novas,1,0.026624068157614485
Tamara Taylor,1,0.026624068157614485
Tammy Blanchard,2,0.05324813631522897
Tammy Davis,1,0.026624068157614485
Tania Saulnier,2,0.05324813631522897
Tanya Roberts,1,0.026624068157614485
Tara Fitzgerald,1,0.026624068157614485
Taran Killam,1,0.026624068157614485
Tasha Smith,2,0.05324813631522897
Tate Donovan,3,0.07987220447284345
Tate Taylor,1,0.026624068157614485
Tatyana Ali,1,0.026624068157614485
Taylor Dooley,1,0.026624068157614485
Taylor Lautner,3,0.07987220447284345
Tchéky Karyo,2,0.05324813631522897
Ted Danson,1,0.026624068157614485
Ted Markland,1,0.026624068157614485
Ted Raimi,1,0.026624068157614485
Ted de Corsia,1,0.026624068157614485
Tencho Gyalpo,1,0.026624068157614485
Tenoch Huerta,1,0.026624068157614485
Terence Maynard,2,0.05324813631522897
Teri Garr,3,0.07987220447284345
Teri Polo,3,0.07987220447284345
Terry Jones,1,0.026624068157614485
Terry Kinney,1,0.026624068157614485
Terry O'Neill,1,0.026624068157614485
Tesshô Genda,1,0.026624068157614485
Teyonah Parris,1,0.026624068157614485
Theodore Bikel,1,0.026624068157614485
Theresa Merritt,1,0.026624068157614485
Theresa Randle,1,0.026624068157614485
Thomas F. Wilson,4,0.10649627263045794
Thomas Ian Griffith,1,0.026624068157614485
Thomas Kretschmann,2,0.05324813631522897
Thomas Lennon,6,0.1597444089456869
Thomas Mitchell,1,0.026624068157614485
Thomas Robinson,1,0.026624068157614485
Tichina Arnold,1,0.026624068157614485
Tiffany Bolling,1,0.026624068157614485
Tiffany Lamb,1,0.026624068157614485
Tim Blake Nelson,3,0.07987220447284345
Tim Daly,2,0.05324813631522897
Tim DeKay,1,0.026624068157614485
Tim Guinee,1,0.026624068157614485
Tim Heidecker,2,0.05324813631522897
Tim Matheson,1,0.026624068157614485
Tim McGraw,3,0.07987220447284345
Tim McInnerny,2,0.05324813631522897
Tim Meadows,4,0.10649627263045794
Tim Pigott-Smith,1,0.026624068157614485
Tim Williams,1,0.026624068157614485
Timothy Hutton,5,0.13312034078807242
Timothy Patrick Quill,1,0.026624068157614485
Timothy Webber,1,0.026624068157614485
Timothy West,1,0.026624068157614485
Timothée Chalamet,1,0.026624068157614485
Tisha Campbell-Martin,1,0.026624068157614485
Tobey Maguire,1,0.026624068157614485
Toby Hemingway,1,0.026624068157614485
Toby Jones,1,0.026624068157614485
Todd Louiso,1,0.026624068157614485
Todd Susman,1,0.026624068157614485
Togo Igawa,1,0.026624068157614485
Tom Arnold,2,0.05324813631522897
Tom Atkins,1,0.026624068157614485
Tom Berenger,1,0.026624068157614485
Tom Bosley,1,0.026624068157614485
Tom Burke,1,0.026624068157614485
Tom Conti,1,0.026624068157614485
Tom Cullen,1,0.026624068157614485
Tom Dreesen,1,0.026624068157614485
Tom Everett Scott,4,0.10649627263045794
Tom Goodman-Hill,1,0.026624068157614485
Tom Guiry,1,0.026624068157614485
Tom Hollander,1,0.026624068157614485
Tom Hulce,2,0.05324813631522897
Tom Kane,1,0.026624068157614485
Tom McCarthy,4,0.10649627263045794
Tom Sizemore,1,0.026624068157614485
Tom Skerritt,1,0.026624068157614485
Tom Waits,1,0.026624068157614485
Tom Wilkinson,5,0.13312034078807242
Tony Cox,2,0.05324813631522897
Tony Curran,3,0.07987220447284345
Tony Danza,1,0.026624068157614485
Tony Ganios,1,0.026624068157614485
Tony Goldwyn,3,0.07987220447284345
Tony Jay,2,0.05324813631522897
Tony Kgoroge,1,0.026624068157614485
Tony Noble,1,0.026624068157614485
Tony Plana,1,0.026624068157614485
Tonya Lee Williams,1,0.026624068157614485
Topher Grace,1,0.026624068157614485
Tovah Feldshuh,1,0.026624068157614485
Tracey Walter,1,0.026624068157614485
Traci Lords,2,0.05324813631522897
Tracie Thoms,1,0.026624068157614485
Tracy Camilla Johns,1,0.026624068157614485
Tracy Middendorf,1,0.026624068157614485
Tracy Morgan,3,0.07987220447284345
Traylor Howard,1,0.026624068157614485
Treat Williams,4,0.10649627263045794
Trent Ford,1,0.026624068157614485
Trevor Morgan,2,0.05324813631522897
Trey Parker,2,0.05324813631522897
Trine Dyrholm,1,0.026624068157614485
Tristan Mack Wilds,1,0.026624068157614485
Troy Evans,3,0.07987220447284345
Troy Garity,1,0.026624068157614485
Tsianina Joelson,1,0.026624068157614485
Tuppence Middleton,2,0.05324813631522897
Ty Olsson,1,0.026624068157614485
Tye Sheridan,1,0.026624068157614485
Tyler Hilton,1,0.026624068157614485
Tyler Labine,1,0.026624068157614485
Tyrone Benskin,1,0.026624068157614485
Tyrone Giordano,1,0.026624068157614485
Tzi Ma,1,0.026624068157614485
Tómas Lemarquis,1,0.026624068157614485
Udo Kier,3,0.07987220447284345
Ulrich Mühe,1,0.026624068157614485
Ulrich Thomsen,2,0.05324813631522897
Unax Ugalde,1,0.026624068157614485
Valarie Pettiford,1,0.026624068157614485
Valeria Golino,1,0.026624068157614485
Valerie Tian,1,0.026624068157614485
Valérie Lemercier,1,0.026624068157614485
Vanesa Tomasino,1,0.026624068157614485
Vanessa Aspillaga,1,0.026624068157614485
Vanessa Ferlito,1,0.026624068157614485
Vanessa Lee Chester,1,0.026624068157614485
Vanessa Lengies,2,0.05324813631522897
Vanessa Marshall,1,0.026624068157614485
Vanessa Martinez,1,0.026624068157614485
Vanessa Matsui,1,0.026624068157614485
Vanessa Ray,1,0.026624068157614485
Vanessa Redgrave,3,0.07987220447284345
Vanessa Zima,1,0.026624068157614485
Vauxhall Jermaine,1,0.026624068157614485
Velibor Topic,1,0.026624068157614485
Verne Troyer,3,0.07987220447284345
Vernee Watson,1,0.026624068157614485
Vernon Dobtcheff,1,0.026624068157614485
Vic Morrow,1,0.026624068157614485
Vic Waghorn,1,0.026624068157614485
Victor Mature,1,0.026624068157614485
Victor Wong,2,0.05324813631522897
Victoria Beckham,1,0.026624068157614485
Victoria Learn,1,0.026624068157614485
Victoria Smurfit,1,0.026624068157614485
Vin Diesel,1,0.026624068157614485
Vince Corazza,1,0.026624068157614485
Vince Vieluf,1,0.026624068157614485
Vincent Gallo,1,0.026624068157614485
Vincent Guastaferro,1,0.026624068157614485
Vincent Pastore,3,0.07987220447284345
Vincent Perez,1,0.026624068157614485
Vincent Regan,2,0.05324813631522897
Vinessa Shaw,1,0.026624068157614485
Virginia Madsen,4,0.10649627263045794
Virginie Ledoyen,1,0.026624068157614485
Vivica A. Fox,1,0.026624068157614485
Vondie Curtis-Hall,1,0.026624068157614485
Wade Williams,1,0.026624068157614485
Wale Ojo,1,0.026624068157614485
Walter Koenig,4,0.10649627263045794
Walter Masterson,1,0.026624068157614485
Wanda Sykes,2,0.05324813631522897
Warren Christie,1,0.026624068157614485
Warren Oates,1,0.026624068157614485
Wayne Knight,2,0.05324813631522897
Wei Zhao,1,0.026624068157614485
Wendell Pierce,4,0.10649627263045794
Wendi McLendon-Covey,1,0.026624068157614485
Wendie Malick,1,0.026624068157614485
Wendy Crewson,1,0.026624068157614485
Wes Studi,3,0.07987220447284345
Wilford Brimley,1,0.026624068157614485
Will Beinbrink,1,0.026624068157614485
Will Ferrell,3,0.07987220447284345
Will Forte,3,0.07987220447284345
Will Oldham,2,0.05324813631522897
Will Patton,3,0.07987220447284345
Will.i.am,1,0.026624068157614485
William Abadie,1,0.026624068157614485
William Atherton,1,0.026624068157614485
William Bassett,3,0.07987220447284345
William Butler,1,0.026624068157614485
William Devane,2,0.05324813631522897
William Hootkins,4,0.10649627263045794
William Hurt,5,0.13312034078807242
William Lucking,2,0.05324813631522897
William Mapother,1,0.026624068157614485
William Petersen,2,0.05324813631522897
William Ragsdale,1,0.026624068157614485
Willie Garson,3,0.07987220447284345
Willie Nelson,1,0.026624068157614485
Willow Smith,2,0.05324813631522897
Wolfgang Preiss,1,0.026624068157614485
Wood Harris,1,0.026624068157614485
Xander Berkeley,3,0.07987220447284345
Xzibit,2,0.05324813631522897
Yaphet Kotto,1,0.026624068157614485
Yaya DaCosta,1,0.026624068157614485
Yayaying Rhatha Phongam,1,0.026624068157614485
Yenny Paola Vega,1,0.026624068157614485
Yetta Gottesman,1,0.026624068157614485
Yuria Nara,1,0.026624068157614485
Yves Jacques,1,0.026624068157614485
Yvette Nicole Brown,2,0.05324813631522897
Yvonne Zima,1,0.026624068157614485
Yûsuke Iseya,1,0.026624068157614485
Zach Galligan,1,0.026624068157614485
Zach McGowan,1,0.026624068157614485
Zach Mills,1,0.026624068157614485
Zach Woods,2,0.05324813631522897
Zack Pearlman,1,0.026624068157614485
Zack Ward,1,0.026624068157614485
Zahava Solomon,1,0.026624068157614485
Zahn McClarnon,1,0.026624068157614485
Zak Orth,1,0.026624068157614485
Zakes Mokae,2,0.05324813631522897
Zelda Rubinstein,1,0.026624068157614485
Zena Grey,2,0.05324813631522897
Zhanna Friske,1,0.026624068157614485
Zhengyong Zhang,1,0.026624068157614485
Zinedine Soualem,1,0.026624068157614485
Zoe Kazan,1,0.026624068157614485
Zoe Levin,1,0.026624068157614485
Zooey Deschanel,2,0.05324813631522897
Zoë Bell,3,0.07987220447284345
Zoë Kravitz,2,0.05324813631522897
Zoë Poledouris,1,0.026624068157614485
Óscar Jaenada,2,0.05324813631522897
