director_name,director_name,proportion
Aaron Schneider,1,0.026624068157614485
Aaron Seltzer,1,0.026624068157614485
Abel Ferrara,1,0.026624068157614485
Adam Goldberg,1,0.026624068157614485
Adam Marcus,1,0.026624068157614485
Adam McKay,6,0.1597444089456869
Adam Rapp,1,0.026624068157614485
Adam Rifkin,1,0.026624068157614485
Adam Shankman,8,0.21299254526091588
Adrian Lyne,4,0.10649627263045794
Adrienne Shelly,1,0.026624068157614485
Agnieszka Holland,1,0.026624068157614485
Agnieszka Wojtowicz-Vosloo,1,0.026624068157614485
Aki Kaurismäki,1,0.026624068157614485
Akira Kurosawa,1,0.026624068157614485
Akiva Goldsman,1,0.026624068157614485
Akiva Schaffer,2,0.05324813631522897
Alan Cohn,1,0.026624068157614485
Alan J. Pakula,2,0.05324813631522897
Alan Metter,1,0.026624068157614485
Alan Parker,3,0.07987220447284345
Alan Poul,1,0.026624068157614485
Alan Rudolph,1,0.026624068157614485
Alan Shapiro,1,0.026624068157614485
Alan Taylor,2,0.05324813631522897
Albert Brooks,1,0.026624068157614485
Albert Hughes,4,0.10649627263045794
Alejandro Agresti,1,0.026624068157614485
Alejandro Amenábar,3,0.07987220447284345
Alejandro G. Iñárritu,5,0.13312034078807242
Alejandro Monteverde,1,0.026624068157614485
Alessandro Carloni,1,0.026624068157614485
Alex Craig Mann,1,0.026624068157614485
Alex Garland,1,0.026624068157614485
Alex Gibney,1,0.026624068157614485
Alex Kendrick,3,0.07987220447284345
Alex Proyas,5,0.13312034078807242
Alex Rivera,1,0.026624068157614485
Alex Smith,1,0.026624068157614485
Alex Zamm,1,0.026624068157614485
Alexander Payne,5,0.13312034078807242
Alexander Witt,1,0.026624068157614485
Alexandre Aja,4,0.10649627263045794
Alfonso Cuarón,4,0.10649627263045794
Alfred Hitchcock,1,0.026624068157614485
Alison Maclean,1,0.026624068157614485
Alister Grierson,1,0.026624068157614485
Allen Coulter,1,0.026624068157614485
Allen Hughes,1,0.026624068157614485
Allison Anders,1,0.026624068157614485
Amy Heckerling,3,0.07987220447284345
Anand Tucker,2,0.05324813631522897
Andrew Adamson,4,0.10649627263045794
Andrew Bergman,2,0.05324813631522897
Andrew Currie,1,0.026624068157614485
Andrew Davis,4,0.10649627263045794
Andrew Dominik,2,0.05324813631522897
Andrew Douglas,1,0.026624068157614485
Andrew Fleming,4,0.10649627263045794
Andrew Haigh,1,0.026624068157614485
Andrew Morahan,1,0.026624068157614485
Andrew Niccol,4,0.10649627263045794
Andrew Stanton,3,0.07987220447284345
Andrew Wilson,1,0.026624068157614485
Andrey Konchalovskiy,2,0.05324813631522897
Andrzej Bartkowiak,5,0.13312034078807242
André Øvredal,1,0.026624068157614485
Andrés Muschietti,1,0.026624068157614485
Andy Cadiff,2,0.05324813631522897
Andy Fickman,6,0.1597444089456869
Andy Garcia,1,0.026624068157614485
Andy Tennant,6,0.1597444089456869
Ang Lee,8,0.21299254526091588
Angela Robinson,2,0.05324813631522897
Angelina Jolie Pitt,4,0.10649627263045794
Angelo Pizzo,1,0.026624068157614485
Anna Boden,1,0.026624068157614485
Anna Muylaert,1,0.026624068157614485
Annabel Jankel,1,0.026624068157614485
Anne Fletcher,5,0.13312034078807242
Anne Fontaine,2,0.05324813631522897
Anthony Bell,1,0.026624068157614485
Anthony Hemingway,1,0.026624068157614485
Anthony Hickox,1,0.026624068157614485
Anthony Minghella,3,0.07987220447284345
Anthony Powell,1,0.026624068157614485
Anthony Russo,4,0.10649627263045794
Antoine Fuqua,8,0.21299254526091588
Anton Corbijn,3,0.07987220447284345
Antonia Bird,1,0.026624068157614485
Antonio Banderas,1,0.026624068157614485
Antony Hoffman,1,0.026624068157614485
Ari Folman,1,0.026624068157614485
Ari Sandel,1,0.026624068157614485
Arie Posin,1,0.026624068157614485
Ariel Vromen,2,0.05324813631522897
Arthur Hiller,1,0.026624068157614485
Asger Leth,1,0.026624068157614485
Asghar Farhadi,1,0.026624068157614485
Ash Brannon,1,0.026624068157614485
Atom Egoyan,4,0.10649627263045794
Audrey Wells,1,0.026624068157614485
Ava DuVernay,1,0.026624068157614485
Babak Najafi,1,0.026624068157614485
Baltasar Kormákur,3,0.07987220447284345
Barbet Schroeder,3,0.07987220447284345
Barbra Streisand,3,0.07987220447284345
Barry Cook,1,0.026624068157614485
Barry Levinson,13,0.34611288604898827
Barry Skolnick,1,0.026624068157614485
Barry Sonnenfeld,7,0.1863684771033014
Barry W. Blaustein,1,0.026624068157614485
Bart Freundlich,2,0.05324813631522897
Baz Luhrmann,5,0.13312034078807242
Beeban Kidron,1,0.026624068157614485
Ben Affleck,2,0.05324813631522897
Ben Falcone,2,0.05324813631522897
Ben Lewin,1,0.026624068157614485
Ben Stiller,5,0.13312034078807242
Ben Wheatley,1,0.026624068157614485
Ben Younger,1,0.026624068157614485
Benh Zeitlin,1,0.026624068157614485
Benjamin Dickinson,1,0.026624068157614485
Bennett Miller,2,0.05324813631522897
Benny Boom,1,0.026624068157614485
Benson Lee,1,0.026624068157614485
Bernardo Bertolucci,1,0.026624068157614485
Betty Thomas,4,0.10649627263045794
Bibo Bergeron,2,0.05324813631522897
Bill Condon,6,0.1597444089456869
Bill Duke,1,0.026624068157614485
Bill Paxton,1,0.026624068157614485
Bill Plympton,1,0.026624068157614485
Bille August,1,0.026624068157614485
Bille Woodruff,2,0.05324813631522897
Billy Bob Thornton,2,0.05324813631522897
Billy Ray,1,0.026624068157614485
Billy Wilder,1,0.026624068157614485
Blair Hayes,1,0.026624068157614485
Blake Edwards,1,0.026624068157614485
Bo Welch,1,0.026624068157614485
Boaz Yakin,3,0.07987220447284345
Bob Clark,3,0.07987220447284345
Bob Dolman,1,0.026624068157614485
Bob Odenkirk,1,0.026624068157614485
Bob Rafelson,1,0.026624068157614485
Bob Saget,1,0.026624068157614485
Bob Spiers,1,0.026624068157614485
Bobby Farrelly,9,0.23961661341853036
Bonnie Hunt,1,0.026624068157614485
Brad Anderson,5,0.13312034078807242
Brad Bird,5,0.13312034078807242
Brad Furman,2,0.05324813631522897
Brad Peyton,3,0.07987220447284345
Brad Silberling,4,0.10649627263045794
Bradley Parker,1,0.026624068157614485
Brandon Camp,1,0.026624068157614485
Brandon Trost,1,0.026624068157614485
Breck Eisner,3,0.07987220447284345
Brenda Chapman,1,0.026624068157614485
Brendan Malloy,1,0.026624068157614485
Brett Leonard,2,0.05324813631522897
Brett Ratner,10,0.26624068157614483
Brian Baugh,1,0.026624068157614485
Brian Dannelly,1,0.026624068157614485
Brian De Palma,10,0.26624068157614483
Brian Gibson,1,0.026624068157614485
Brian Helgeland,5,0.13312034078807242
Brian Henson,1,0.026624068157614485
Brian Klugman,1,0.026624068157614485
Brian Koppelman,1,0.026624068157614485
Brian Levant,6,0.1597444089456869
Brian Percival,1,0.026624068157614485
Brian Robbins,6,0.1597444089456869
Brian Trenchard-Smith,2,0.05324813631522897
Britt Allcroft,1,0.026624068157614485
Bronwen Hughes,1,0.026624068157614485
Bruce Beresford,2,0.05324813631522897
Bruce Campbell,1,0.026624068157614485
Bruce Dellis,1,0.026624068157614485
Bruce Hunt,1,0.026624068157614485
Bruce McCulloch,3,0.07987220447284345
Bruce McDonald,1,0.026624068157614485
Bruce Paltrow,1,0.026624068157614485
Bryan Barber,1,0.026624068157614485
Bryan Singer,8,0.21299254526091588
Burr Steers,4,0.10649627263045794
Byron Howard,1,0.026624068157614485
C. Jay Cox,2,0.05324813631522897
Cal Brunker,1,0.026624068157614485
Callie Khouri,2,0.05324813631522897
Cameron Crowe,6,0.1597444089456869
Camille Delamarre,2,0.05324813631522897
Carl Franklin,3,0.07987220447284345
Carl Rinsch,1,0.026624068157614485
Carlos Carrera,1,0.026624068157614485
Carlos Saldanha,4,0.10649627263045794
Carlos Saura,1,0.026624068157614485
Carmen Marron,1,0.026624068157614485
Carol Reed,1,0.026624068157614485
Caroline Link,1,0.026624068157614485
Carroll Ballard,1,0.026624068157614485
Carter Smith,1,0.026624068157614485
Catherine Hardwicke,6,0.1597444089456869
Cathy Malkasian,1,0.026624068157614485
Cecil B. DeMille,1,0.026624068157614485
Cedric Nicolas-Troyan,1,0.026624068157614485
Chan-wook Park,3,0.07987220447284345
Charles Chaplin,1,0.026624068157614485
Charles Herman-Wurmfeld,2,0.05324813631522897
Charles Martin Smith,3,0.07987220447284345
Charles Robert Carner,1,0.026624068157614485
Charles S. Dutton,1,0.026624068157614485
Charles Shyer,1,0.026624068157614485
Charles Stone III,2,0.05324813631522897
Charles T. Kanganis,1,0.026624068157614485
Charlie Kaufman,1,0.026624068157614485
Chatrichalerm Yukol,1,0.026624068157614485
Chia-Liang Liu,1,0.026624068157614485
Chris Buck,1,0.026624068157614485
Chris Butler,1,0.026624068157614485
Chris Carter,1,0.026624068157614485
Chris Columbus,11,0.2928647497337593
Chris Eyre,1,0.026624068157614485
Chris Gorak,1,0.026624068157614485
Chris Kentis,2,0.05324813631522897
Chris Koch,2,0.05324813631522897
Chris Miller,2,0.05324813631522897
Chris Nahon,1,0.026624068157614485
Chris Noonan,2,0.05324813631522897
Chris Paine,1,0.026624068157614485
Chris Roberts,1,0.026624068157614485
Chris Rock,2,0.05324813631522897
Chris Stokes,1,0.026624068157614485
Chris Wedge,3,0.07987220447284345
Chris Weitz,5,0.13312034078807242
Christian Alvart,2,0.05324813631522897
Christian Carion,1,0.026624068157614485
Christian Ditter,1,0.026624068157614485
Christian Duguay,2,0.05324813631522897
Christian E. Christiansen,1,0.026624068157614485
Christian Volckman,1,0.026624068157614485
Christine Jeffs,1,0.026624068157614485
Christophe Barratier,1,0.026624068157614485
Christophe Gans,1,0.026624068157614485
Christopher Cain,1,0.026624068157614485
Christopher Erskin,1,0.026624068157614485
Christopher Guest,3,0.07987220447284345
Christopher Landon,1,0.026624068157614485
Christopher Leitch,1,0.026624068157614485
Christopher McQuarrie,4,0.10649627263045794
Christopher Nolan,8,0.21299254526091588
Christopher Smith,1,0.026624068157614485
Christopher Spencer,1,0.026624068157614485
Chuan Lu,1,0.026624068157614485
Chuck Russell,5,0.13312034078807242
Chuck Sheetz,1,0.026624068157614485
Ciarán Foy,1,0.026624068157614485
Clare Kilner,2,0.05324813631522897
Clark Gregg,1,0.026624068157614485
Clark Johnson,2,0.05324813631522897
Clay Kaytis,1,0.026624068157614485
Clint Eastwood,19,0.5058572949946752
Clive Barker,1,0.026624068157614485
Cody Cameron,1,0.026624068157614485
Colin Higgins,1,0.026624068157614485
Colin Strause,2,0.05324813631522897
Colin Trevorrow,2,0.05324813631522897
Corey Yuen,1,0.026624068157614485
Cory Edwards,1,0.026624068157614485
Costa-Gavras,2,0.05324813631522897
Courtney Hunt,1,0.026624068157614485
Courtney Solomon,2,0.05324813631522897
Craig Bolotin,1,0.026624068157614485
Craig Brewer,2,0.05324813631522897
Craig Gillespie,3,0.07987220447284345
Craig Mazin,2,0.05324813631522897
Craig R. Baxley,2,0.05324813631522897
Craig Zobel,1,0.026624068157614485
Cristian Mungiu,1,0.026624068157614485
Curtis Hanson,5,0.13312034078807242
Cyrus Nowrasteh,1,0.026624068157614485
Cédric Klapisch,2,0.05324813631522897
D.J. Caruso,5,0.13312034078807242
DJ Pooh,2,0.05324813631522897
Dagur Kári,1,0.026624068157614485
Daisy von Scherler Mayer,1,0.026624068157614485
Damian Nieman,1,0.026624068157614485
Damien Chazelle,1,0.026624068157614485
Damien Dante Wayans,1,0.026624068157614485
Damien O'Donnell,1,0.026624068157614485
Damon Santostefano,1,0.026624068157614485
Dan Cutforth,1,0.026624068157614485
Dan Gilroy,1,0.026624068157614485
Dan Harris,1,0.026624068157614485
Dan Mazer,1,0.026624068157614485
Dan Rush,1,0.026624068157614485
Dan Scanlon,1,0.026624068157614485
Dan Trachtenberg,1,0.026624068157614485
Daniel Algrant,1,0.026624068157614485
Daniel Barber,1,0.026624068157614485
Daniel Barnz,1,0.026624068157614485
Daniel Espinosa,2,0.05324813631522897
Daniel Lee,1,0.026624068157614485
Daniel Myrick,1,0.026624068157614485
Daniel Sackheim,1,0.026624068157614485
Daniel Stamm,1,0.026624068157614485
Danny Boyle,9,0.23961661341853036
Danny Cannon,2,0.05324813631522897
Danny DeVito,3,0.07987220447284345
Danny Leiner,2,0.05324813631522897
Danny Pang,1,0.026624068157614485
Danny Steinmann,1,0.026624068157614485
Dario Argento,1,0.026624068157614485
Darnell Martin,1,0.026624068157614485
Darren Aronofsky,6,0.1597444089456869
Darren Grant,1,0.026624068157614485
Darren Lynn Bousman,4,0.10649627263045794
Darren Stein,1,0.026624068157614485
Dave Borthwick,1,0.026624068157614485
Dave Green,1,0.026624068157614485
Dave McKean,1,0.026624068157614485
David Anspaugh,1,0.026624068157614485
David Atkins,1,0.026624068157614485
David Ayer,7,0.1863684771033014
David Bowers,4,0.10649627263045794
David Boyd,1,0.026624068157614485
David Carson,1,0.026624068157614485
David Cronenberg,5,0.13312034078807242
David Dobkin,4,0.10649627263045794
David Duchovny,1,0.026624068157614485
David E. Talbert,1,0.026624068157614485
David F. Sandberg,1,0.026624068157614485
David Fincher,10,0.26624068157614483
David Frankel,4,0.10649627263045794
David Gelb,1,0.026624068157614485
David Gordon Green,6,0.1597444089456869
David Hackl,1,0.026624068157614485
David Jacobson,1,0.026624068157614485
David Kellogg,1,0.026624068157614485
David Koepp,5,0.13312034078807242
David Lean,4,0.10649627263045794
David Lynch,3,0.07987220447284345
David Mamet,2,0.05324813631522897
David McNally,2,0.05324813631522897
David Mirkin,1,0.026624068157614485
David Moreau,1,0.026624068157614485
David Nixon,1,0.026624068157614485
David Nutter,1,0.026624068157614485
David O. Russell,7,0.1863684771033014
David Palmer,1,0.026624068157614485
David R. Ellis,6,0.1597444089456869
David Raynr,2,0.05324813631522897
David Robert Mitchell,1,0.026624068157614485
David S. Goyer,3,0.07987220447284345
David S. Ward,1,0.026624068157614485
David Schwimmer,1,0.026624068157614485
David Silverman,1,0.026624068157614485
David Sington,1,0.026624068157614485
David Slade,3,0.07987220447284345
David Soren,1,0.026624068157614485
David Twohy,4,0.10649627263045794
David Wain,2,0.05324813631522897
David Webb Peoples,1,0.026624068157614485
David Yates,4,0.10649627263045794
David Zucker,5,0.13312034078807242
Davis Guggenheim,2,0.05324813631522897
Dean DeBlois,3,0.07987220447284345
Dean Israelite,1,0.026624068157614485
Dean Parisot,4,0.10649627263045794
Dean Wright,1,0.026624068157614485
Deb Hagan,1,0.026624068157614485
Debra Granik,1,0.026624068157614485
Demian Lichtenstein,1,0.026624068157614485
Denis Villeneuve,3,0.07987220447284345
Dennie Gordon,3,0.07987220447284345
Dennis Dugan,9,0.23961661341853036
Dennis Iliadis,2,0.05324813631522897
Denys Arcand,1,0.026624068157614485
Denzel Washington,2,0.05324813631522897
Deon Taylor,1,0.026624068157614485
Derek Cianfrance,2,0.05324813631522897
Derrick Borte,1,0.026624068157614485
Des McAnuff,1,0.026624068157614485
Dewey Nicks,1,0.026624068157614485
Dexter Fletcher,2,0.05324813631522897
Diane English,1,0.026624068157614485
Diane Keaton,1,0.026624068157614485
Dick Richards,1,0.026624068157614485
Dinesh D'Souza,1,0.026624068157614485
Dito Montiel,1,0.026624068157614485
Dominic Sena,3,0.07987220447284345
Dominique Othenin-Girard,1,0.026624068157614485
Don Bluth,3,0.07987220447284345
Don Coscarelli,1,0.026624068157614485
Don Hall,1,0.026624068157614485
Don Mancini,1,0.026624068157614485
Don Michael Paul,2,0.05324813631522897
Don Scardino,1,0.026624068157614485
Don Siegel,1,0.026624068157614485
Donald Petrie,8,0.21299254526091588
Doug Lefler,1,0.026624068157614485
Doug Liman,7,0.1863684771033014
Douglas Aarniokoski,1,0.026624068157614485
Douglas McGrath,3,0.07987220447284345
Drake Doremus,1,0.026624068157614485
Drew Barrymore,1,0.026624068157614485
Drew Goddard,1,0.026624068157614485
Duke Johnson,1,0.026624068157614485
Duncan Jones,3,0.07987220447284345
Duncan Tucker,1,0.026624068157614485
Dustin Hoffman,1,0.026624068157614485
Dwight H. Little,2,0.05324813631522897
E. Elias Merhige,2,0.05324813631522897
E.L. Katz,1,0.026624068157614485
Ed Decter,1,0.026624068157614485
Ed Gass-Donnelly,1,0.026624068157614485
Ed Harris,1,0.026624068157614485
Eddie O'Flaherty,1,0.026624068157614485
Edgar Wright,4,0.10649627263045794
Edward Burns,2,0.05324813631522897
Edward Norton,1,0.026624068157614485
Edward Zwick,8,0.21299254526091588
Efram Potelle,1,0.026624068157614485
Ekachai Uekrongtham,1,0.026624068157614485
Elaine May,1,0.026624068157614485
Eli Roth,3,0.07987220447284345
Elia Kazan,1,0.026624068157614485
Elizabeth Allen Rosenbaum,2,0.05324813631522897
Elizabeth Banks,2,0.05324813631522897
Ellory Elkayem,1,0.026624068157614485
Emile Ardolino,1,0.026624068157614485
Emilio Estevez,1,0.026624068157614485
Eric Blakeney,1,0.026624068157614485
Eric Bress,1,0.026624068157614485
Eric Brevig,2,0.05324813631522897
Eric Bross,1,0.026624068157614485
Eric Darnell,5,0.13312034078807242
Eric Leighton,1,0.026624068157614485
Eric Nicholas,1,0.026624068157614485
Eric Schaeffer,1,0.026624068157614485
Eric Valette,1,0.026624068157614485
Ericson Core,2,0.05324813631522897
Ernest R. Dickerson,1,0.026624068157614485
Etan Cohen,1,0.026624068157614485
Ethan Coen,7,0.1863684771033014
Ethan Maniquis,1,0.026624068157614485
Eugenio Derbez,1,0.026624068157614485
Eugène Lourié,1,0.026624068157614485
Evan Goldberg,2,0.05324813631522897
F. Gary Gray,8,0.21299254526091588
Fabián Bielinsky,1,0.026624068157614485
Fede Alvarez,1,0.026624068157614485
Fenton Bailey,2,0.05324813631522897
Fernando León de Aranoa,1,0.026624068157614485
Fernando Meirelles,3,0.07987220447284345
Fina Torres,1,0.026624068157614485
Finn Taylor,1,0.026624068157614485
Florent-Emilio Siri,1,0.026624068157614485
Floria Sigismondi,1,0.026624068157614485
Florian Henckel von Donnersmarck,3,0.07987220447284345
Forest Whitaker,1,0.026624068157614485
Francis Ford Coppola,9,0.23961661341853036
Francis Lawrence,5,0.13312034078807242
Franck Khalfoun,1,0.026624068157614485
Franco Zeffirelli,1,0.026624068157614485
Frank Coraci,7,0.1863684771033014
Frank Darabont,4,0.10649627263045794
Frank LaLoggia,1,0.026624068157614485
Frank Marshall,4,0.10649627263045794
Frank Miller,3,0.07987220447284345
Frank Nissen,1,0.026624068157614485
Frank Oz,8,0.21299254526091588
Frank Whaley,1,0.026624068157614485
Franklin J. Schaffner,1,0.026624068157614485
François Girard,1,0.026624068157614485
François Ozon,1,0.026624068157614485
François Truffaut,1,0.026624068157614485
Fred Dekker,1,0.026624068157614485
Fred Durst,1,0.026624068157614485
Fred Savage,1,0.026624068157614485
Fred Schepisi,1,0.026624068157614485
Fred Walton,1,0.026624068157614485
Fred Wolf,2,0.05324813631522897
Frederik Du Chau,1,0.026624068157614485
Fritz Lang,1,0.026624068157614485
Gabor Csupo,1,0.026624068157614485
Gabriele Muccino,4,0.10649627263045794
Gareth Edwards,1,0.026624068157614485
Gareth Evans,1,0.026624068157614485
Garry Marshall,8,0.21299254526091588
Garth Jennings,1,0.026624068157614485
Gary Chapman,1,0.026624068157614485
Gary David Goldberg,1,0.026624068157614485
Gary Fleder,6,0.1597444089456869
Gary Halvorson,1,0.026624068157614485
Gary Hardwick,1,0.026624068157614485
Gary McKendry,1,0.026624068157614485
Gary Rogers,1,0.026624068157614485
Gary Ross,3,0.07987220447284345
Gary Sherman,1,0.026624068157614485
Gary Shore,1,0.026624068157614485
Gary Trousdale,2,0.05324813631522897
Gary Winick,4,0.10649627263045794
Gaspar Noé,1,0.026624068157614485
Gavin Hood,4,0.10649627263045794
Gavin O'Connor,5,0.13312034078807242
Gene Quintano,1,0.026624068157614485
Genndy Tartakovsky,2,0.05324813631522897
Geoff Murphy,1,0.026624068157614485
Geoffrey Sax,2,0.05324813631522897
George A. Romero,3,0.07987220447284345
George Armitage,2,0.05324813631522897
George Clooney,4,0.10649627263045794
George Cukor,1,0.026624068157614485
George Gallo,2,0.05324813631522897
George Hickenlooper,2,0.05324813631522897
George Jackson,1,0.026624068157614485
George Lucas,5,0.13312034078807242
George Miller,6,0.1597444089456869
George Nolfi,1,0.026624068157614485
George P. Cosmatos,3,0.07987220447284345
George Ratliff,1,0.026624068157614485
George Roy Hill,2,0.05324813631522897
George Sidney,1,0.026624068157614485
George Stevens,1,0.026624068157614485
George Tillman Jr.,4,0.10649627263045794
Gil Junger,2,0.05324813631522897
Gil Kenan,2,0.05324813631522897
Gilles Paquet-Brenner,1,0.026624068157614485
Gillian Armstrong,2,0.05324813631522897
Gina Prince-Bythewood,2,0.05324813631522897
Giuseppe Tornatore,1,0.026624068157614485
Glen Morgan,2,0.05324813631522897
Glenn Ficarra,3,0.07987220447284345
Gonzalo López-Gallego,1,0.026624068157614485
Goran Dukic,1,0.026624068157614485
Gordon Chan,1,0.026624068157614485
Gore Verbinski,7,0.1863684771033014
Graham Annable,1,0.026624068157614485
Grant Heslov,1,0.026624068157614485
Greg Berlanti,1,0.026624068157614485
Greg Coolidge,1,0.026624068157614485
Greg Harrison,2,0.05324813631522897
Greg Mottola,2,0.05324813631522897
Gregor Jordan,1,0.026624068157614485
Gregory Hoblit,3,0.07987220447284345
Gregory Jacobs,1,0.026624068157614485
Gregory Nava,1,0.026624068157614485
Gregory Poirier,1,0.026624068157614485
Gregory Widen,1,0.026624068157614485
Griffin Dunne,1,0.026624068157614485
Guillaume Canet,2,0.05324813631522897
Guillermo del Toro,5,0.13312034078807242
Gurinder Chadha,2,0.05324813631522897
Gus Van Sant,6,0.1597444089456869
Guy Hamilton,4,0.10649627263045794
Guy Ritchie,8,0.21299254526091588
Gérard Krawczyk,1,0.026624068157614485
Hal Haberman,1,0.026624068157614485
Hal Needham,1,0.026624068157614485
Ham Tran,1,0.026624068157614485
Hans Canosa,1,0.026624068157614485
Harald Zwart,2,0.05324813631522897
Hark Tsui,1,0.026624068157614485
Harley Cokeliss,1,0.026624068157614485
Harmony Korine,1,0.026624068157614485
Harold Becker,5,0.13312034078807242
Harold Cronk,1,0.026624068157614485
Harold Ramis,8,0.21299254526091588
Harry Beaumont,1,0.026624068157614485
Harry Elfont,2,0.05324813631522897
Hart Bochner,1,0.026624068157614485
Hayao Miyazaki,4,0.10649627263045794
Henry Alex Rubin,1,0.026624068157614485
Henry Bean,1,0.026624068157614485
Henry Hobson,1,0.026624068157614485
Henry Joost,2,0.05324813631522897
Henry Koster,1,0.026624068157614485
Henry Selick,2,0.05324813631522897
Herbert Ross,2,0.05324813631522897
Hironobu Sakaguchi,1,0.026624068157614485
Hitoshi Matsumoto,1,0.026624068157614485
Howard Deutch,3,0.07987220447284345
Howard Zieff,2,0.05324813631522897
Hoyt Yeatman,1,0.026624068157614485
Hsiao-Hsien Hou,1,0.026624068157614485
Huck Botko,1,0.026624068157614485
Hue Rhodes,1,0.026624068157614485
Hugh Hudson,2,0.05324813631522897
Hugh Johnson,1,0.026624068157614485
Hugh Wilson,4,0.10649627263045794
Hunter Richards,1,0.026624068157614485
Hyung-rae Shim,2,0.05324813631522897
Iain Softley,4,0.10649627263045794
Ice Cube,1,0.026624068157614485
Igor Kovalyov,1,0.026624068157614485
Ira Sachs,1,0.026624068157614485
Irvin Kershner,2,0.05324813631522897
Irwin Winkler,4,0.10649627263045794
Isabel Coixet,1,0.026624068157614485
István Szabó,1,0.026624068157614485
Ivan Reitman,8,0.21299254526091588
J Blakeson,1,0.026624068157614485
J.A. Bayona,2,0.05324813631522897
J.B. Rogers,2,0.05324813631522897
J.C. Chandor,2,0.05324813631522897
J.J. Abrams,4,0.10649627263045794
J.S. Cardone,1,0.026624068157614485
Jack Sholder,1,0.026624068157614485
Jacob Aaron Estes,1,0.026624068157614485
Jacques Perrin,1,0.026624068157614485
Jafar Panahi,1,0.026624068157614485
Jake Kasdan,4,0.10649627263045794
Jake Paltrow,1,0.026624068157614485
Jake Schreier,2,0.05324813631522897
Jamal Hill,1,0.026624068157614485
James Algar,1,0.026624068157614485
James Bobin,3,0.07987220447284345
James Bridges,1,0.026624068157614485
James Cameron,7,0.1863684771033014
James Cox,1,0.026624068157614485
James DeMonaco,3,0.07987220447284345
James Dodson,1,0.026624068157614485
James Fargo,1,0.026624068157614485
James Foley,3,0.07987220447284345
James Gray,4,0.10649627263045794
James Gunn,3,0.07987220447284345
James Isaac,1,0.026624068157614485
James Ivory,5,0.13312034078807242
James L. Brooks,3,0.07987220447284345
James Mangold,8,0.21299254526091588
James Marsh,2,0.05324813631522897
James Mather,1,0.026624068157614485
James McTeigue,3,0.07987220447284345
James Mottern,1,0.026624068157614485
James Ponsoldt,1,0.026624068157614485
James Toback,2,0.05324813631522897
James Wan,7,0.1863684771033014
James Watkins,1,0.026624068157614485
James Wong,4,0.10649627263045794
Jamie Babbit,2,0.05324813631522897
Jamie Blanks,2,0.05324813631522897
Jamie Travis,1,0.026624068157614485
Jan de Bont,5,0.13312034078807242
Jane Campion,3,0.07987220447284345
Janusz Kaminski,1,0.026624068157614485
Jared Hess,2,0.05324813631522897
Jason Alexander,1,0.026624068157614485
Jason Bateman,1,0.026624068157614485
Jason Eisener,1,0.026624068157614485
Jason Friedberg,4,0.10649627263045794
Jason Moore,1,0.026624068157614485
Jason Reitman,6,0.1597444089456869
Jason Zada,1,0.026624068157614485
Jaume Balagueró,2,0.05324813631522897
Jaume Collet-Serra,7,0.1863684771033014
Jay Chandrasekhar,4,0.10649627263045794
Jay Duplass,2,0.05324813631522897
Jay Levey,1,0.026624068157614485
Jay Roach,7,0.1863684771033014
Jay Russell,3,0.07987220447284345
Je-kyu Kang,1,0.026624068157614485
Jean-François Richet,1,0.026624068157614485
Jean-Jacques Annaud,3,0.07987220447284345
Jean-Marc Vallée,3,0.07987220447284345
Jean-Marie Poiré,2,0.05324813631522897
Jean-Paul Rappeneau,1,0.026624068157614485
Jean-Pierre Jeunet,5,0.13312034078807242
Jeannot Szwarc,1,0.026624068157614485
Jeb Stuart,1,0.026624068157614485
Jee-woon Kim,2,0.05324813631522897
Jeff Burr,1,0.026624068157614485
Jeff Franklin,1,0.026624068157614485
Jeff Garlin,1,0.026624068157614485
Jeff Kanew,1,0.026624068157614485
Jeff Lowell,1,0.026624068157614485
Jeff Nichols,3,0.07987220447284345
Jeff Schaffer,1,0.026624068157614485
Jeff Tremaine,3,0.07987220447284345
Jeff Wadlow,3,0.07987220447284345
Jeffrey W. Byrd,1,0.026624068157614485
Jennifer Flackett,1,0.026624068157614485
Jennifer Yuh Nelson,1,0.026624068157614485
Jeremy Leven,1,0.026624068157614485
Jeremy Saulnier,2,0.05324813631522897
Jerome Robbins,1,0.026624068157614485
Jerry Jameson,2,0.05324813631522897
Jerry Zaks,1,0.026624068157614485
Jerry Zucker,3,0.07987220447284345
Jesse Dylan,3,0.07987220447284345
Jesse Peretz,1,0.026624068157614485
Jesse Vaughan,1,0.026624068157614485
Jessie Nelson,2,0.05324813631522897
Jessy Terrero,1,0.026624068157614485
Jez Butterworth,1,0.026624068157614485
Jill Sprecher,1,0.026624068157614485
Jim Abrahams,1,0.026624068157614485
Jim Fall,1,0.026624068157614485
Jim Field Smith,1,0.026624068157614485
Jim Gillespie,1,0.026624068157614485
Jim Goddard,1,0.026624068157614485
Jim Hanon,1,0.026624068157614485
Jim Mickle,1,0.026624068157614485
Jim Sheridan,4,0.10649627263045794
Jim Sonzero,1,0.026624068157614485
Jimmy Hayward,2,0.05324813631522897
Jirí Menzel,1,0.026624068157614485
Joan Chen,1,0.026624068157614485
Joby Harold,1,0.026624068157614485
Jodie Foster,3,0.07987220447284345
Jody Hill,1,0.026624068157614485
Joe Berlinger,1,0.026624068157614485
Joe Camp,1,0.026624068157614485
Joe Carnahan,3,0.07987220447284345
Joe Chappelle,1,0.026624068157614485
Joe Charbanic,1,0.026624068157614485
Joe Cornish,1,0.026624068157614485
Joe Dante,6,0.1597444089456869
Joe Johnston,4,0.10649627263045794
Joe Nussbaum,3,0.07987220447284345
Joe Pytka,1,0.026624068157614485
Joe Roth,2,0.05324813631522897
Joe Swanberg,1,0.026624068157614485
Joe Wright,7,0.1863684771033014
Joel Coen,4,0.10649627263045794
Joel Edgerton,2,0.05324813631522897
Joel Gallen,1,0.026624068157614485
Joel Schumacher,12,0.3194888178913738
Joel Zwick,2,0.05324813631522897
Joey Lauren Adams,1,0.026624068157614485
John 'Bud' Cardos,1,0.026624068157614485
John A. Davis,2,0.05324813631522897
John Badham,1,0.026624068157614485
John Bonito,1,0.026624068157614485
John Boorman,1,0.026624068157614485
John Cameron Mitchell,3,0.07987220447284345
John Carl Buechler,1,0.026624068157614485
John Carney,2,0.05324813631522897
John Carpenter,13,0.34611288604898827
John Cornell,1,0.026624068157614485
John Crowley,1,0.026624068157614485
John Curran,2,0.05324813631522897
John Dahl,4,0.10649627263045794
John Duigan,1,0.026624068157614485
John Eng,1,0.026624068157614485
John Erick Dowdle,4,0.10649627263045794
John Fortenberry,1,0.026624068157614485
John Francis Daley,1,0.026624068157614485
John Frankenheimer,3,0.07987220447284345
John G. Avildsen,3,0.07987220447284345
John Gatins,1,0.026624068157614485
John Glen,5,0.13312034078807242
John Gray,1,0.026624068157614485
John Hamburg,3,0.07987220447284345
John Herzfeld,1,0.026624068157614485
John Hillcoat,3,0.07987220447284345
John Hoffman,1,0.026624068157614485
John Lafia,1,0.026624068157614485
John Landis,3,0.07987220447284345
John Lasseter,5,0.13312034078807242
John Lee Hancock,5,0.13312034078807242
John Luessenhop,2,0.05324813631522897
John Madden,5,0.13312034078807242
John Maybury,1,0.026624068157614485
John McNaughton,1,0.026624068157614485
John McTiernan,10,0.26624068157614483
John Michael McDonagh,1,0.026624068157614485
John Milius,3,0.07987220447284345
John Moore,4,0.10649627263045794
John Ottman,1,0.026624068157614485
John Pasquin,3,0.07987220447284345
John Patrick Shanley,1,0.026624068157614485
John Polson,2,0.05324813631522897
John Putch,1,0.026624068157614485
John R. Leonetti,2,0.05324813631522897
John Sayles,3,0.07987220447284345
John Schlesinger,2,0.05324813631522897
John Schultz,3,0.07987220447284345
John Singleton,7,0.1863684771033014
John Stainton,1,0.026624068157614485
John Stockwell,3,0.07987220447284345
John Waters,3,0.07987220447284345
John Wells,2,0.05324813631522897
John Whitesell,4,0.10649627263045794
John Woo,6,0.1597444089456869
Johnnie To,1,0.026624068157614485
Johnny Remo,1,0.026624068157614485
Jon Amiel,4,0.10649627263045794
Jon Avnet,3,0.07987220447284345
Jon Favreau,7,0.1863684771033014
Jon Gunn,2,0.05324813631522897
Jon Hess,1,0.026624068157614485
Jon Hurwitz,2,0.05324813631522897
Jon Kasdan,1,0.026624068157614485
Jon Lucas,1,0.026624068157614485
Jon M. Chu,5,0.13312034078807242
Jon Poll,1,0.026624068157614485
Jon Shear,1,0.026624068157614485
Jon Stewart,1,0.026624068157614485
Jon Turteltaub,7,0.1863684771033014
Jonas Elmer,1,0.026624068157614485
Jonas Åkerlund,1,0.026624068157614485
Jonathan Caouette,1,0.026624068157614485
Jonathan Dayton,1,0.026624068157614485
Jonathan Demme,4,0.10649627263045794
Jonathan Frakes,4,0.10649627263045794
Jonathan Glazer,1,0.026624068157614485
Jonathan Hensleigh,1,0.026624068157614485
Jonathan Kaplan,1,0.026624068157614485
Jonathan Kesselman,1,0.026624068157614485
Jonathan Levine,3,0.07987220447284345
Jonathan Liebesman,6,0.1597444089456869
Jonathan Lynn,4,0.10649627263045794
Jonathan Mostow,4,0.10649627263045794
Jonathan Newman,1,0.026624068157614485
Jonathan Teplitzky,1,0.026624068157614485
Joon-ho Bong,2,0.05324813631522897
Jorge Blanco,1,0.026624068157614485
Jorge R. Gutiérrez,1,0.026624068157614485
Jorma Taccone,1,0.026624068157614485
Josef Rusnak,1,0.026624068157614485
Joseph Dorman,1,0.026624068157614485
Joseph Gordon-Levitt,1,0.026624068157614485
Joseph Kahn,1,0.026624068157614485
Joseph Kosinski,3,0.07987220447284345
Joseph L. Mankiewicz,1,0.026624068157614485
Joseph Ruben,1,0.026624068157614485
Joseph Sargent,1,0.026624068157614485
Joseph Zito,1,0.026624068157614485
Josh Boone,1,0.026624068157614485
Josh Gordon,2,0.05324813631522897
Josh Schwartz,1,0.026624068157614485
Josh Trank,3,0.07987220447284345
Joshua Marston,1,0.026624068157614485
Joshua Michael Stern,1,0.026624068157614485
Joshua Oppenheimer,1,0.026624068157614485
Joshua Seftel,1,0.026624068157614485
Joshua Tickell,1,0.026624068157614485
Joss Whedon,4,0.10649627263045794
José Padilha,3,0.07987220447284345
Juan Carlos Fresnadillo,1,0.026624068157614485
Juan José Campanella,1,0.026624068157614485
Judd Apatow,5,0.13312034078807242
Julian Jarrold,1,0.026624068157614485
Julian Schnabel,1,0.026624068157614485
Julie Anne Robinson,2,0.05324813631522897
Julie Taymor,4,0.10649627263045794
Julio DePietro,1,0.026624068157614485
Jun Falkenstein,1,0.026624068157614485
Justin Chadwick,2,0.05324813631522897
Justin Kerrigan,1,0.026624068157614485
Justin Lin,5,0.13312034078807242
Justin Zackham,1,0.026624068157614485
Kaige Chen,1,0.026624068157614485
Kar-Wai Wong,3,0.07987220447284345
Karan Johar,2,0.05324813631522897
Karen Moncrieff,1,0.026624068157614485
Karey Kirkpatrick,1,0.026624068157614485
Karim Aïnouz,1,0.026624068157614485
Karyn Kusama,2,0.05324813631522897
Kasi Lemmons,2,0.05324813631522897
Kat Coiro,1,0.026624068157614485
Katherine Dieckmann,1,0.026624068157614485
Kathryn Bigelow,3,0.07987220447284345
Katsuhiro Ôtomo,2,0.05324813631522897
Katt Shea,1,0.026624068157614485
Keenen Ivory Wayans,4,0.10649627263045794
Keith Gordon,1,0.026624068157614485
Kelly Asbury,1,0.026624068157614485
Kelly Makin,1,0.026624068157614485
Kelly Reichardt,2,0.05324813631522897
Ken Kwapis,4,0.10649627263045794
Ken Scott,2,0.05324813631522897
Kenneth Branagh,8,0.21299254526091588
Kenneth Johnson,1,0.026624068157614485
Kenneth Lonergan,2,0.05324813631522897
Kenny Ortega,3,0.07987220447284345
Kent Alterman,1,0.026624068157614485
Kerry Conran,1,0.026624068157614485
Kevin Allen,2,0.05324813631522897
Kevin Bray,2,0.05324813631522897
Kevin Brodie,1,0.026624068157614485
Kevin Costner,3,0.07987220447284345
Kevin Donovan,1,0.026624068157614485
Kevin Greutert,2,0.05324813631522897
Kevin Hooks,1,0.026624068157614485
Kevin Jordan,1,0.026624068157614485
Kevin Lima,2,0.05324813631522897
Kevin Macdonald,1,0.026624068157614485
Kevin Munroe,2,0.05324813631522897
Kevin Reynolds,5,0.13312034078807242
Kevin Rodney Sullivan,3,0.07987220447284345
Kevin Smith,10,0.26624068157614483
Kevin Spacey,2,0.05324813631522897
Kevin Tancharoen,2,0.05324813631522897
Kevin Tenney,1,0.026624068157614485
Kimberly Peirce,4,0.10649627263045794
King Vidor,1,0.026624068157614485
Kinka Usher,1,0.026624068157614485
Kirk De Micco,2,0.05324813631522897
Kirk Jones,5,0.13312034078807242
Kirk Wong,1,0.026624068157614485
Kirsten Sheridan,1,0.026624068157614485
Klaus Menzel,1,0.026624068157614485
Kris Isacsson,1,0.026624068157614485
Kurt Voss,1,0.026624068157614485
Kurt Wimmer,2,0.05324813631522897
Kyle Balda,1,0.026624068157614485
Lajos Koltai,1,0.026624068157614485
Lana Wachowski,6,0.1597444089456869
Lance Hool,1,0.026624068157614485
Lance Mungia,1,0.026624068157614485
Larry Blamire,1,0.026624068157614485
Larry Charles,4,0.10649627263045794
Lars von Trier,3,0.07987220447284345
Lasse Hallström,7,0.1863684771033014
Laurent Tirard,1,0.026624068157614485
Laurie Collyer,1,0.026624068157614485
Lawrence Guterman,2,0.05324813631522897
Lawrence Kasdan,4,0.10649627263045794
Lee Daniels,3,0.07987220447284345
Lee Tamahori,4,0.10649627263045794
Lee Toland Krieger,1,0.026624068157614485
Lee Unkrich,1,0.026624068157614485
Leigh Whannell,1,0.026624068157614485
Len Wiseman,3,0.07987220447284345
Lena Dunham,1,0.026624068157614485
Lenny Abrahamson,1,0.026624068157614485
Leon Ichaso,1,0.026624068157614485
Leonard Nimoy,3,0.07987220447284345
Les Mayfield,5,0.13312034078807242
Leslie Small,1,0.026624068157614485
Leslye Headland,1,0.026624068157614485
Levan Gabriadze,1,0.026624068157614485
Lewis Gilbert,3,0.07987220447284345
Lexi Alexander,1,0.026624068157614485
Li Zhang,1,0.026624068157614485
Lisa Cholodenko,1,0.026624068157614485
Liz Friedlander,1,0.026624068157614485
Lloyd Bacon,1,0.026624068157614485
Lloyd Kaufman,1,0.026624068157614485
Lone Scherfig,2,0.05324813631522897
Lorene Scafaria,1,0.026624068157614485
Louis C.K.,1,0.026624068157614485
Louis Leterrier,7,0.1863684771033014
Louis Morneau,1,0.026624068157614485
Luc Besson,4,0.10649627263045794
Luc Jacquet,1,0.026624068157614485
Luca Guadagnino,1,0.026624068157614485
Lucio Fulci,1,0.026624068157614485
Lucky McKee,1,0.026624068157614485
Lucrecia Martel,1,0.026624068157614485
Luis Llosa,2,0.05324813631522897
Luis Mandoki,2,0.05324813631522897
Luis Valdez,1,0.026624068157614485
Luke Greenfield,4,0.10649627263045794
Lynne Ramsay,1,0.026624068157614485
M. Night Shyamalan,8,0.21299254526091588
Mabrouk El Mechri,1,0.026624068157614485
Maggie Carey,1,0.026624068157614485
Maggie Greenwald,1,0.026624068157614485
Majid Majidi,1,0.026624068157614485
Malcolm D. Lee,5,0.13312034078807242
Mamoru Hosoda,1,0.026624068157614485
Marc Abraham,1,0.026624068157614485
Marc F. Adler,1,0.026624068157614485
Marc Forby,1,0.026624068157614485
Marc Forster,7,0.1863684771033014
Marc Lawrence,2,0.05324813631522897
Marc Levin,1,0.026624068157614485
Marc Schölermann,1,0.026624068157614485
Marc Webb,3,0.07987220447284345
Marco Kreuzpaintner,2,0.05324813631522897
Marco Schnabel,1,0.026624068157614485
Marcos Siega,1,0.026624068157614485
Marcus Dunstan,1,0.026624068157614485
Marcus Raboy,1,0.026624068157614485
Maria Maggenti,1,0.026624068157614485
Marielle Heller,1,0.026624068157614485
Mark A.Z. Dippé,1,0.026624068157614485
Mark Andrews,1,0.026624068157614485
Mark Brown,1,0.026624068157614485
Mark Christopher,1,0.026624068157614485
Mark Dindal,3,0.07987220447284345
Mark Helfrich,1,0.026624068157614485
Mark Herman,1,0.026624068157614485
Mark Illsley,1,0.026624068157614485
Mark L. Lester,2,0.05324813631522897
Mark Mylod,1,0.026624068157614485
Mark Neveldine,5,0.13312034078807242
Mark Osborne,2,0.05324813631522897
Mark Pellington,2,0.05324813631522897
Mark Piznarski,1,0.026624068157614485
Mark Romanek,2,0.05324813631522897
Mark Rosman,2,0.05324813631522897
Mark Rydell,1,0.026624068157614485
Mark Sandrich,1,0.026624068157614485
Mark Steven Johnson,2,0.05324813631522897
Mark Tarlov,1,0.026624068157614485
Mark Tonderai,1,0.026624068157614485
Mark Waters,6,0.1597444089456869
Mars Callahan,1,0.026624068157614485
Martin Brest,4,0.10649627263045794
Martin Campbell,9,0.23961661341853036
Martin Koolhoven,1,0.026624068157614485
Martin Lawrence,1,0.026624068157614485
Martin McDonagh,2,0.05324813631522897
Martin Scorsese,16,0.42598509052183176
Martin Weisz,1,0.026624068157614485
Mary Harron,1,0.026624068157614485
Mary Lambert,2,0.05324813631522897
Mary McGuckian,1,0.026624068157614485
Masayuki Ochiai,1,0.026624068157614485
Mathieu Kassovitz,2,0.05324813631522897
Matt Bettinelli-Olpin,1,0.026624068157614485
Matt Dillon,1,0.026624068157614485
Matt Maiellaro,1,0.026624068157614485
Matt Piedmont,1,0.026624068157614485
Matt Reeves,3,0.07987220447284345
Matt Williams,1,0.026624068157614485
Matthew O'Callaghan,1,0.026624068157614485
Matthew Robbins,1,0.026624068157614485
Matthew Vaughn,4,0.10649627263045794
Matty Rich,1,0.026624068157614485
Maurice Joyce,1,0.026624068157614485
Max Joseph,1,0.026624068157614485
McG,6,0.1597444089456869
Meiert Avis,1,0.026624068157614485
Mel Brooks,3,0.07987220447284345
Mel Gibson,3,0.07987220447284345
Mel Smith,1,0.026624068157614485
Melvin Van Peebles,1,0.026624068157614485
Mennan Yapo,1,0.026624068157614485
Menno Meyjes,1,0.026624068157614485
Mic Rodgers,1,0.026624068157614485
Michael Anderson,1,0.026624068157614485
Michael Apted,5,0.13312034078807242
Michael Bay,13,0.34611288604898827
Michael Caton-Jones,4,0.10649627263045794
Michael Chapman,1,0.026624068157614485
Michael Cimino,1,0.026624068157614485
Michael Clancy,1,0.026624068157614485
Michael Corrente,2,0.05324813631522897
Michael Cristofer,1,0.026624068157614485
Michael Cuesta,2,0.05324813631522897
Michael D. Sellers,1,0.026624068157614485
Michael Dinner,1,0.026624068157614485
Michael Dougherty,1,0.026624068157614485
Michael Dowse,1,0.026624068157614485
Michael Gornick,1,0.026624068157614485
Michael Haneke,3,0.07987220447284345
Michael Herz,1,0.026624068157614485
Michael Hoffman,3,0.07987220447284345
Michael J. Bassett,1,0.026624068157614485
Michael Landon Jr.,1,0.026624068157614485
Michael Lehmann,2,0.05324813631522897
Michael Lembeck,2,0.05324813631522897
Michael Mann,6,0.1597444089456869
Michael Martin,1,0.026624068157614485
Michael Mayer,2,0.05324813631522897
Michael McCullers,1,0.026624068157614485
Michael McGowan,1,0.026624068157614485
Michael Meredith,1,0.026624068157614485
Michael Moore,4,0.10649627263045794
Michael O. Sajbel,1,0.026624068157614485
Michael Patrick Jann,1,0.026624068157614485
Michael Patrick King,1,0.026624068157614485
Michael Polish,4,0.10649627263045794
Michael Pressman,1,0.026624068157614485
Michael Radford,1,0.026624068157614485
Michael Ritchie,2,0.05324813631522897
Michael Rymer,2,0.05324813631522897
Michael Schultz,1,0.026624068157614485
Michael Spierig,1,0.026624068157614485
Michael Sucsy,1,0.026624068157614485
Michael Tiddes,2,0.05324813631522897
Michael Tollin,2,0.05324813631522897
Michael Wadleigh,1,0.026624068157614485
Michael Winterbottom,6,0.1597444089456869
Michel Gondry,4,0.10649627263045794
Michel Hazanavicius,1,0.026624068157614485
Michel Leclerc,1,0.026624068157614485
Michel Orion Scott,1,0.026624068157614485
Mick Jackson,2,0.05324813631522897
Mickey Liddell,1,0.026624068157614485
Miguel Arteta,4,0.10649627263045794
Miguel Sapochnik,1,0.026624068157614485
Mikael Håfström,4,0.10649627263045794
Mikael Salomon,1,0.026624068157614485
Mike Bigelow,1,0.026624068157614485
Mike Binder,3,0.07987220447284345
Mike Cahill,1,0.026624068157614485
Mike Disa,1,0.026624068157614485
Mike Figgis,2,0.05324813631522897
Mike Flanagan,1,0.026624068157614485
Mike Gabriel,1,0.026624068157614485
Mike Judge,3,0.07987220447284345
Mike Leigh,5,0.13312034078807242
Mike Marvin,1,0.026624068157614485
Mike McCoy,1,0.026624068157614485
Mike Mills,2,0.05324813631522897
Mike Mitchell,4,0.10649627263045794
Mike Nawrocki,2,0.05324813631522897
Mike Newell,7,0.1863684771033014
Mike Nichols,5,0.13312034078807242
Mike van Diem,1,0.026624068157614485
Milos Forman,3,0.07987220447284345
Mimi Leder,3,0.07987220447284345
Mira Nair,4,0.10649627263045794
Miranda July,1,0.026624068157614485
Mitch Davis,1,0.026624068157614485
Morgan J. Freeman,2,0.05324813631522897
Morgan Neville,1,0.026624068157614485
Morgan Spurlock,2,0.05324813631522897
Mort Nathan,1,0.026624068157614485
Morten Tyldum,2,0.05324813631522897
Myles Berkowitz,1,0.026624068157614485
Måns Mårlind,1,0.026624068157614485
Nacho Vigalondo,1,0.026624068157614485
Nadine Labaki,1,0.026624068157614485
Nancy Meyers,5,0.13312034078807242
Nancy Walker,1,0.026624068157614485
Nanette Burstein,1,0.026624068157614485
Nat Faxon,1,0.026624068157614485
Nathan Greno,1,0.026624068157614485
Neema Barnette,1,0.026624068157614485
Neil Burger,5,0.13312034078807242
Neil Jordan,8,0.21299254526091588
Neil LaBute,3,0.07987220447284345
Neil Marshall,2,0.05324813631522897
Neill Blomkamp,3,0.07987220447284345
Nelson McCormick,1,0.026624068157614485
Newt Arnold,1,0.026624068157614485
Nicholas Fackler,1,0.026624068157614485
Nicholas Hytner,3,0.07987220447284345
Nicholas Jarecki,1,0.026624068157614485
Nicholas Meyer,2,0.05324813631522897
Nicholas Stoller,4,0.10649627263045794
Nick Cassavetes,4,0.10649627263045794
Nick Gomez,1,0.026624068157614485
Nick Hamm,1,0.026624068157614485
Nick Hurran,1,0.026624068157614485
Nick Love,1,0.026624068157614485
Nick Tomnay,1,0.026624068157614485
Nicolas Winding Refn,3,0.07987220447284345
Nicole Holofcener,4,0.10649627263045794
Niels Arden Oplev,1,0.026624068157614485
Nigel Cole,2,0.05324813631522897
Niki Caro,3,0.07987220447284345
Nima Nourizadeh,1,0.026624068157614485
Nimród Antal,2,0.05324813631522897
Nnegest Likké,1,0.026624068157614485
Noah Baumbach,2,0.05324813631522897
Noam Murro,1,0.026624068157614485
Noel Marshall,1,0.026624068157614485
Nora Ephron,3,0.07987220447284345
Norman Ferguson,1,0.026624068157614485
Norman Jewison,4,0.10649627263045794
Ol Parker,1,0.026624068157614485
Olatunde Osunsanmi,1,0.026624068157614485
Ole Bornedal,2,0.05324813631522897
Ole Christian Madsen,1,0.026624068157614485
Oliver Blackburn,1,0.026624068157614485
Oliver Hirschbiegel,2,0.05324813631522897
Oliver Parker,3,0.07987220447284345
Oliver Stone,13,0.34611288604898827
Olivier Assayas,2,0.05324813631522897
Olivier Megaton,3,0.07987220447284345
Oren Moverman,1,0.026624068157614485
Oren Peli,1,0.026624068157614485
Orson Welles,1,0.026624068157614485
P.J. Hogan,1,0.026624068157614485
Panos Cosmatos,1,0.026624068157614485
Paolo Sorrentino,1,0.026624068157614485
Pascal Arnold,1,0.026624068157614485
Pat O'Connor,1,0.026624068157614485
Patrice Leconte,1,0.026624068157614485
Patricia Cardoso,1,0.026624068157614485
Patricia Riggen,2,0.05324813631522897
Patricia Rozema,1,0.026624068157614485
Patrick Gilmore,1,0.026624068157614485
Patrick Hughes,1,0.026624068157614485
Patrick Lussier,3,0.07987220447284345
Patrick Read Johnson,2,0.05324813631522897
Patrick Stettner,1,0.026624068157614485
Patrick Tatopoulos,1,0.026624068157614485
Patty Jenkins,1,0.026624068157614485
Paul Abascal,1,0.026624068157614485
Paul Bolger,1,0.026624068157614485
Paul Bunnell,1,0.026624068157614485
Paul Crowder,1,0.026624068157614485
Paul Feig,5,0.13312034078807242
Paul Greengrass,7,0.1863684771033014
Paul Gross,1,0.026624068157614485
Paul Haggis,3,0.07987220447284345
Paul Hunter,1,0.026624068157614485
Paul King,1,0.026624068157614485
Paul Mazursky,1,0.026624068157614485
Paul McGuigan,7,0.1863684771033014
Paul Michael Glaser,1,0.026624068157614485
Paul Schrader,3,0.07987220447284345
Paul Thomas Anderson,6,0.1597444089456869
Paul Tibbitt,1,0.026624068157614485
Paul Verhoeven,6,0.1597444089456869
Paul W.S. Anderson,10,0.26624068157614483
Paul Weiland,1,0.026624068157614485
Paul Weitz,6,0.1597444089456869
Pawel Pawlikowski,1,0.026624068157614485
Penelope Spheeris,1,0.026624068157614485
Penny Marshall,4,0.10649627263045794
Perry Andelin Blake,1,0.026624068157614485
Pete Docter,3,0.07987220447284345
Pete Jones,1,0.026624068157614485
Pete Travis,3,0.07987220447284345
Peter Atencio,1,0.026624068157614485
Peter Berg,6,0.1597444089456869
Peter Billingsley,1,0.026624068157614485
Peter Care,1,0.026624068157614485
Peter Cattaneo,5,0.13312034078807242
Peter Chelsom,4,0.10649627263045794
Peter Faiman,1,0.026624068157614485
Peter Farrelly,1,0.026624068157614485
Peter Hastings,1,0.026624068157614485
Peter Hedges,2,0.05324813631522897
Peter Hewitt,4,0.10649627263045794
Peter Ho-Sun Chan,1,0.026624068157614485
Peter Howitt,4,0.10649627263045794
Peter Hyams,5,0.13312034078807242
Peter Jackson,11,0.2928647497337593
Peter Kassovitz,1,0.026624068157614485
Peter Kosminsky,1,0.026624068157614485
Peter Landesman,1,0.026624068157614485
Peter Lepeniotis,1,0.026624068157614485
Peter Lord,2,0.05324813631522897
Peter M. Cohen,1,0.026624068157614485
Peter MacDonald,1,0.026624068157614485
Peter Medak,1,0.026624068157614485
Peter R. Hunt,1,0.026624068157614485
Peter Ramsey,1,0.026624068157614485
Peter Segal,7,0.1863684771033014
Peter Sollett,3,0.07987220447284345
Peter Stebbings,1,0.026624068157614485
Peter Webber,1,0.026624068157614485
Peter Weir,4,0.10649627263045794
Petter Næss,1,0.026624068157614485
Peyton Reed,4,0.10649627263045794
Phil Alden Robinson,1,0.026624068157614485
Phil Joanou,1,0.026624068157614485
Phil Lord,4,0.10649627263045794
Phil Traill,1,0.026624068157614485
Philip G. Atwell,1,0.026624068157614485
Philip Kaufman,2,0.05324813631522897
Philip Saville,1,0.026624068157614485
Phillip Noyce,9,0.23961661341853036
Phyllida Lloyd,2,0.05324813631522897
Pierre Coffin,2,0.05324813631522897
Pierre Morel,4,0.10649627263045794
Pitof,1,0.026624068157614485
Piyush Dinker Pandya,1,0.026624068157614485
Prachya Pinkaew,1,0.026624068157614485
Preston A. Whitmore II,2,0.05324813631522897
Quentin Dupieux,1,0.026624068157614485
Quentin Tarantino,8,0.21299254526091588
R.J. Cutler,1,0.026624068157614485
RZA,1,0.026624068157614485
Rachel Perkins,1,0.026624068157614485
Rachel Talalay,2,0.05324813631522897
Raja Gosnell,6,0.1597444089456869
Ralph Ziman,1,0.026624068157614485
Ramaa Mosley,1,0.026624068157614485
Rand Ravich,2,0.05324813631522897
Randal Kleiser,2,0.05324813631522897
Randall Miller,1,0.026624068157614485
Randall Wallace,3,0.07987220447284345
Rawson Marshall Thurber,4,0.10649627263045794
Ray Lawrence,1,0.026624068157614485
Raymond De Felitta,1,0.026624068157614485
Rebecca Miller,1,0.026624068157614485
Reed Cowan,1,0.026624068157614485
Reginald Hudlin,3,0.07987220447284345
Renny Harlin,15,0.3993610223642172
Rian Johnson,2,0.05324813631522897
Ric Roman Waugh,2,0.05324813631522897
Rich Christiano,1,0.026624068157614485
Rich Cowan,1,0.026624068157614485
Rich Moore,1,0.026624068157614485
Richard Attenborough,3,0.07987220447284345
Richard Benjamin,3,0.07987220447284345
Richard Curtis,2,0.05324813631522897
Richard Donner,9,0.23961661341853036
Richard Dutcher,1,0.026624068157614485
Richard E. Grant,1,0.026624068157614485
Richard Eyre,2,0.05324813631522897
Richard Fleischer,2,0.05324813631522897
Richard Glatzer,2,0.05324813631522897
Richard Kelly,3,0.07987220447284345
Richard Kwietniowski,1,0.026624068157614485
Richard LaGravenese,4,0.10649627263045794
Richard Lester,3,0.07987220447284345
Richard Linklater,11,0.2928647497337593
Richard Loncraine,3,0.07987220447284345
Richard Marquand,1,0.026624068157614485
Richard Raymond,1,0.026624068157614485
Richard Shepard,2,0.05324813631522897
Richard Williams,1,0.026624068157614485
Rick Bieber,1,0.026624068157614485
Rick Famuyiwa,4,0.10649627263045794
Rick Friedberg,1,0.026624068157614485
Rick Rosenthal,1,0.026624068157614485
Rick de Oliveira,1,0.026624068157614485
Ricki Stern,1,0.026624068157614485
Ricky Gervais,1,0.026624068157614485
Ridley Scott,17,0.45260915867944623
Ringo Lam,1,0.026624068157614485
Risa Bramon Garcia,1,0.026624068157614485
Ritesh Batra,1,0.026624068157614485
Rob Bowman,4,0.10649627263045794
Rob Cohen,11,0.2928647497337593
Rob Hedden,1,0.026624068157614485
Rob Letterman,4,0.10649627263045794
Rob Marshall,5,0.13312034078807242
Rob McKittrick,1,0.026624068157614485
Rob Minkoff,5,0.13312034078807242
Rob Pritts,1,0.026624068157614485
Rob Reiner,11,0.2928647497337593
Rob Schmidt,1,0.026624068157614485
Rob Zombie,5,0.13312034078807242
Robby Henson,1,0.026624068157614485
Robert Altman,3,0.07987220447284345
Robert B. Weide,1,0.026624068157614485
Robert Ben Garant,1,0.026624068157614485
Robert Butler,1,0.026624068157614485
Robert Cary,1,0.026624068157614485
Robert Duvall,1,0.026624068157614485
Robert Eggers,1,0.026624068157614485
Robert Harmon,2,0.05324813631522897
Robert Iscove,3,0.07987220447284345
Robert Lee King,1,0.026624068157614485
Robert Luketic,6,0.1597444089456869
Robert Marcarelli,1,0.026624068157614485
Robert Moresco,1,0.026624068157614485
Robert Redford,5,0.13312034078807242
Robert Rodriguez,13,0.34611288604898827
Robert Schwentke,6,0.1597444089456869
Robert Stevenson,1,0.026624068157614485
Robert Stromberg,1,0.026624068157614485
Robert Towne,1,0.026624068157614485
Robert Townsend,1,0.026624068157614485
Robert Wise,2,0.05324813631522897
Robert Zemeckis,13,0.34611288604898827
Robin Budd,1,0.026624068157614485
Rod Lurie,5,0.13312034078807242
Rodman Flender,1,0.026624068157614485
Rodrigo Cortés,1,0.026624068157614485
Rodrigo García,2,0.05324813631522897
Roger Allers,2,0.05324813631522897
Roger Avary,2,0.05324813631522897
Roger Christian,1,0.026624068157614485
Roger Donaldson,7,0.1863684771033014
Roger Kumble,3,0.07987220447284345
Roger Michell,3,0.07987220447284345
Roger Spottiswoode,3,0.07987220447284345
Roland Emmerich,8,0.21299254526091588
Roland Joffé,2,0.05324813631522897
Roman Polanski,4,0.10649627263045794
Ron Clements,3,0.07987220447284345
Ron Fricke,1,0.026624068157614485
Ron Howard,13,0.34611288604898827
Ron Maxwell,2,0.05324813631522897
Ron Shelton,4,0.10649627263045794
Ron Underwood,3,0.07987220447284345
Ronny Yu,4,0.10649627263045794
Rowan Joffe,1,0.026624068157614485
Rowdy Herrington,1,0.026624068157614485
Ruairi Robinson,1,0.026624068157614485
Ruben Fleischer,3,0.07987220447284345
Ruggero Deodato,1,0.026624068157614485
Rupert Sanders,1,0.026624068157614485
Rupert Wainwright,1,0.026624068157614485
Rupert Wyatt,3,0.07987220447284345
Russ Meyer,1,0.026624068157614485
Russell Crowe,1,0.026624068157614485
Russell Mulcahy,3,0.07987220447284345
Rusty Cundieff,1,0.026624068157614485
Ryan Coogler,2,0.05324813631522897
Ryan Fleck,1,0.026624068157614485
Ryan Murphy,2,0.05324813631522897
Ryûhei Kitamura,1,0.026624068157614485
S.R. Bindler,1,0.026624068157614485
Salim Akil,2,0.05324813631522897
Sally Potter,1,0.026624068157614485
Salvador Carrasco,1,0.026624068157614485
Sam Fell,1,0.026624068157614485
Sam Firstenberg,1,0.026624068157614485
Sam Mendes,8,0.21299254526091588
Sam Miller,1,0.026624068157614485
Sam Peckinpah,1,0.026624068157614485
Sam Raimi,12,0.3194888178913738
Sam Taylor-Johnson,1,0.026624068157614485
Sam Weisman,4,0.10649627263045794
Sara Sugarman,1,0.026624068157614485
Sarah Smith,1,0.026624068157614485
Saul Dibb,1,0.026624068157614485
Scott Alexander,1,0.026624068157614485
Scott Cooper,3,0.07987220447284345
Scott Derrickson,5,0.13312034078807242
Scott Frank,1,0.026624068157614485
Scott Hicks,5,0.13312034078807242
Scott Kalvert,1,0.026624068157614485
Scott Marshall,1,0.026624068157614485
Scott Speer,1,0.026624068157614485
Scott Stewart,2,0.05324813631522897
Scott Waugh,1,0.026624068157614485
Scott Ziehl,1,0.026624068157614485
Sean Anders,4,0.10649627263045794
Sean McNamara,2,0.05324813631522897
Sean Penn,2,0.05324813631522897
Sergey Bodrov,3,0.07987220447284345
Sergio Leone,3,0.07987220447284345
Seth Gordon,3,0.07987220447284345
Seth MacFarlane,3,0.07987220447284345
Shana Feste,3,0.07987220447284345
Shane Acker,1,0.026624068157614485
Shane Black,2,0.05324813631522897
Shane Carruth,1,0.026624068157614485
Shane Meadows,1,0.026624068157614485
Shari Springer Berman,1,0.026624068157614485
Sharon Maguire,1,0.026624068157614485
Shawn Levy,12,0.3194888178913738
Shekhar Kapur,3,0.07987220447284345
Sheldon Lettich,2,0.05324813631522897
Siddiq Barmak,1,0.026624068157614485
Sidney J. Furie,1,0.026624068157614485
Sidney Lumet,4,0.10649627263045794
Simon Curtis,2,0.05324813631522897
Simon Wells,2,0.05324813631522897
Simon West,7,0.1863684771033014
Simon Wincer,4,0.10649627263045794
Sngmoo Lee,1,0.026624068157614485
Sofia Coppola,4,0.10649627263045794
Spencer Susser,1,0.026624068157614485
Spike Jonze,4,0.10649627263045794
Spike Lee,15,0.3993610223642172
Stanley Kramer,1,0.026624068157614485
Stanley Kubrick,2,0.05324813631522897
Stanley Tong,1,0.026624068157614485
Stefan Ruzowitzky,3,0.07987220447284345
Stefan Schwartz,1,0.026624068157614485
Stefen Fangmeier,1,0.026624068157614485
Stephan Elliott,1,0.026624068157614485
Stephen Carpenter,1,0.026624068157614485
Stephen Chbosky,1,0.026624068157614485
Stephen Chow,2,0.05324813631522897
Stephen Daldry,4,0.10649627263045794
Stephen Frears,9,0.23961661341853036
Stephen Gaghan,3,0.07987220447284345
Stephen Herek,7,0.1863684771033014
Stephen Hillenburg,1,0.026624068157614485
Stephen Hopkins,5,0.13312034078807242
Stephen J. Anderson,1,0.026624068157614485
Stephen Kay,3,0.07987220447284345
Stephen Milburn Anderson,1,0.026624068157614485
Stephen Norrington,2,0.05324813631522897
Stephen Sommers,4,0.10649627263045794
Sterling Van Wagenen,1,0.026624068157614485
Steve Antin,1,0.026624068157614485
Steve Barron,1,0.026624068157614485
Steve Beck,2,0.05324813631522897
Steve Bendelack,1,0.026624068157614485
Steve Box,1,0.026624068157614485
Steve Buscemi,2,0.05324813631522897
Steve Carr,4,0.10649627263045794
Steve Carver,1,0.026624068157614485
Steve Gomer,1,0.026624068157614485
Steve Hickner,1,0.026624068157614485
Steve James,2,0.05324813631522897
Steve Martino,2,0.05324813631522897
Steve McQueen,2,0.05324813631522897
Steve Miner,5,0.13312034078807242
Steve Oedekerk,4,0.10649627263045794
Steve Pink,3,0.07987220447284345
Steve Rash,2,0.05324813631522897
Steve Taylor,1,0.026624068157614485
Steve Trenbirth,1,0.026624068157614485
Steven Brill,4,0.10649627263045794
Steven E. de Souza,1,0.026624068157614485
Steven Quale,2,0.05324813631522897
Steven R. Monroe,1,0.026624068157614485
Steven Seagal,1,0.026624068157614485
Steven Shainberg,2,0.05324813631522897
Steven Soderbergh,16,0.42598509052183176
Steven Spielberg,25,0.6656017039403621
Steven Zaillian,2,0.05324813631522897
Stewart Hendler,1,0.026624068157614485
Stig Bergqvist,1,0.026624068157614485
Stiles White,1,0.026624068157614485
Stuart Baird,2,0.05324813631522897
Stuart Beattie,1,0.026624068157614485
Stuart Gillard,1,0.026624068157614485
Stuart Gordon,2,0.05324813631522897
Stéphane Aubier,1,0.026624068157614485
Susan Seidelman,1,0.026624068157614485
Susan Stroman,1,0.026624068157614485
Susanna White,1,0.026624068157614485
Susanne Bier,1,0.026624068157614485
Sydney Pollack,5,0.13312034078807242
Sylvain Chomet,1,0.026624068157614485
Sylvain White,2,0.05324813631522897
Sylvester Stallone,2,0.05324813631522897
Sylvio Tabet,1,0.026624068157614485
Takao Okawara,1,0.026624068157614485
Takashi Shimizu,2,0.05324813631522897
Takeshi Kitano,1,0.026624068157614485
Tamara Jenkins,1,0.026624068157614485
Tamra Davis,3,0.07987220447284345
Tarsem Singh,4,0.10649627263045794
Tate Taylor,2,0.05324813631522897
Taylor Hackford,6,0.1597444089456869
Ted Demme,1,0.026624068157614485
Terence Davies,1,0.026624068157614485
Terence Young,3,0.07987220447284345
Terrence Malick,3,0.07987220447284345
Terry George,1,0.026624068157614485
Terry Gilliam,7,0.1863684771033014
Terry Zwigoff,2,0.05324813631522897
Thaddeus O'Sullivan,1,0.026624068157614485
Thea Sharrock,1,0.026624068157614485
Theodore Melfi,1,0.026624068157614485
Theodore Witcher,1,0.026624068157614485
Thomas Bezucha,2,0.05324813631522897
Thomas Carter,3,0.07987220447284345
Thomas Vinterberg,3,0.07987220447284345
Thor Freudenthal,3,0.07987220447284345
Ti West,2,0.05324813631522897
Tim Blake Nelson,2,0.05324813631522897
Tim Burton,16,0.42598509052183176
Tim Chambers,1,0.026624068157614485
Tim Heidecker,1,0.026624068157614485
Tim Hill,4,0.10649627263045794
Tim Hunter,1,0.026624068157614485
Tim Johnson,4,0.10649627263045794
Tim McCanlies,1,0.026624068157614485
Tim Miller,1,0.026624068157614485
Tim Robbins,2,0.05324813631522897
Tim Story,6,0.1597444089456869
Timothy Björklund,1,0.026624068157614485
Timur Bekmambetov,3,0.07987220447284345
Tina Gordon Chism,1,0.026624068157614485
Tobe Hooper,6,0.1597444089456869
Tod Williams,1,0.026624068157614485
Todd Field,2,0.05324813631522897
Todd Graff,2,0.05324813631522897
Todd Haynes,2,0.05324813631522897
Todd Lincoln,1,0.026624068157614485
Todd Phillips,7,0.1863684771033014
Todd Solondz,1,0.026624068157614485
Todd Strauss-Schulson,1,0.026624068157614485
Tom Brady,1,0.026624068157614485
Tom Dey,3,0.07987220447284345
Tom Ford,1,0.026624068157614485
Tom Gormican,1,0.026624068157614485
Tom Green,1,0.026624068157614485
Tom Hanks,2,0.05324813631522897
Tom Holland,2,0.05324813631522897
Tom Hooper,3,0.07987220447284345
Tom Kalin,1,0.026624068157614485
Tom McCarthy,2,0.05324813631522897
Tom McGrath,1,0.026624068157614485
Tom McLoughlin,1,0.026624068157614485
Tom Putnam,1,0.026624068157614485
Tom Schulman,1,0.026624068157614485
Tom Shadyac,7,0.1863684771033014
Tom Tykwer,4,0.10649627263045794
Tom Vaughan,2,0.05324813631522897
Tomas Alfredson,1,0.026624068157614485
Tomm Moore,1,0.026624068157614485
Tommy Lee Jones,2,0.05324813631522897
Tommy Lee Wallace,1,0.026624068157614485
Tommy O'Haver,2,0.05324813631522897
Tommy Wirkola,2,0.05324813631522897
Tony Bancroft,1,0.026624068157614485
Tony Bill,1,0.026624068157614485
Tony Gilroy,3,0.07987220447284345
Tony Goldwyn,2,0.05324813631522897
Tony Jaa,1,0.026624068157614485
Tony Kaye,1,0.026624068157614485
Tony Maylam,1,0.026624068157614485
Tony Richardson,1,0.026624068157614485
Tony Scott,12,0.3194888178913738
Travis Cluff,1,0.026624068157614485
Trent Cooper,1,0.026624068157614485
Trey Parker,3,0.07987220447284345
Troy Duffy,1,0.026624068157614485
Troy Miller,1,0.026624068157614485
Troy Nixey,1,0.026624068157614485
Tuck Tucker,1,0.026624068157614485
Tyler Perry,6,0.1597444089456869
Udayan Prasad,1,0.026624068157614485
Uli Edel,2,0.05324813631522897
Ulu Grosbard,1,0.026624068157614485
Uwe Boll,3,0.07987220447284345
Vadim Perelman,2,0.05324813631522897
Vic Armstrong,2,0.05324813631522897
Vicente Amorim,1,0.026624068157614485
Vicky Jenson,1,0.026624068157614485
Victor Fleming,2,0.05324813631522897
Victor Nunez,2,0.05324813631522897
Victor Salva,3,0.07987220447284345
Vincent Gallo,2,0.05324813631522897
Vincent Paronnaud,1,0.026624068157614485
Vincent Ward,1,0.026624068157614485
Vincente Minnelli,1,0.026624068157614485
Vincenzo Natali,2,0.05324813631522897
Vondie Curtis-Hall,1,0.026624068157614485
Wallace Wolodarsky,1,0.026624068157614485
Wally Pfister,1,0.026624068157614485
Walt Becker,3,0.07987220447284345
Walter Hill,3,0.07987220447284345
Walter Salles,3,0.07987220447284345
Warren Beatty,2,0.05324813631522897
Wayne Beach,1,0.026624068157614485
Wayne Kramer,2,0.05324813631522897
Wayne Wang,4,0.10649627263045794
Werner Herzog,2,0.05324813631522897
Wes Anderson,7,0.1863684771033014
Wes Ball,2,0.05324813631522897
Wes Craven,12,0.3194888178913738
Whit Stillman,1,0.026624068157614485
Wil Shriner,1,0.026624068157614485
Will Finn,1,0.026624068157614485
Will Gluck,3,0.07987220447284345
Willard Huyck,1,0.026624068157614485
William A. Fraker,1,0.026624068157614485
William A. Graham,1,0.026624068157614485
William Brent Bell,3,0.07987220447284345
William Cottrell,1,0.026624068157614485
William Dear,1,0.026624068157614485
William Friedkin,4,0.10649627263045794
William Malone,2,0.05324813631522897
William Shatner,1,0.026624068157614485
William Wyler,1,0.026624068157614485
Wilson Yip,1,0.026624068157614485
Wolfgang Becker,1,0.026624068157614485
Wolfgang Petersen,6,0.1597444089456869
Woody Allen,19,0.5058572949946752
Wych Kaosayananda,1,0.026624068157614485
Xavier Beauvois,1,0.026624068157614485
Xavier Gens,2,0.05324813631522897
Yarrow Cheney,1,0.026624068157614485
Yash Chopra,1,0.026624068157614485
Yimou Zhang,5,0.13312034078807242
Zach Braff,2,0.05324813631522897
Zach Cregger,1,0.026624068157614485
Zack Snyder,8,0.21299254526091588
Zak Penn,1,0.026624068157614485
Zal Batmanglij,1,0.026624068157614485
Álex de la Iglesia,1,0.026624068157614485
Émile Gaudreault,1,0.026624068157614485
